{"v":"5.1.16","fr":29.9700012207031,"ip":0,"op":71.0000028918893,"w":185,"h":260,"nm":"perso_test","ddd":0,"assets":[],"layers":[{"ddd":0,"ind":1,"ty":4,"nm":"pants","sr":1,"ks":{"o":{"a":0,"k":100,"ix":11},"r":{"a":0,"k":0,"ix":10},"p":{"a":0,"k":[92.5,130,0],"ix":2},"a":{"a":0,"k":[0,0,0],"ix":1},"s":{"a":0,"k":[100,100,100],"ix":6}},"ao":0,"shapes":[{"ty":"gr","it":[{"ind":0,"ty":"sh","ix":1,"ks":{"a":0,"k":{"i":[[0.5,-0.125],[0,0],[0,1],[-0.25,-0.25],[0,0],[0,0],[0,0],[0,0],[0,0],[0,0],[0,0],[0.5,0.75]],"o":[[-13.75,9.75],[0,0],[-4,29],[2,6.5],[0,0],[0,0],[0,0],[0,0],[0,0],[0,0],[0,0],[-7.25,-24]],"v":[[-23.375,-23.125],[-54.375,-14.063],[-54.25,-6.125],[-43.5,64.75],[-38,73.25],[20.75,111.75],[23.75,109],[-24.75,58.25],[-25.25,23.25],[43,111.75],[46.25,111.5],[2.5,13.5]],"c":true},"ix":2},"nm":"Tracé 1","mn":"ADBE Vector Shape - Group","hd":false},{"ty":"fl","c":{"a":0,"k":[0,0.56862745098,0.992156922583,1],"ix":4},"o":{"a":0,"k":100,"ix":5},"r":1,"nm":"Fond 1","mn":"ADBE Vector Graphic - Fill","hd":false},{"ty":"tr","p":{"a":0,"k":[0,0],"ix":2},"a":{"a":0,"k":[0,0],"ix":1},"s":{"a":0,"k":[100,100],"ix":3},"r":{"a":0,"k":0,"ix":6},"o":{"a":0,"k":100,"ix":7},"sk":{"a":0,"k":0,"ix":4},"sa":{"a":0,"k":0,"ix":5},"nm":"Transformer "}],"nm":"Forme 1","np":3,"cix":2,"ix":1,"mn":"ADBE Vector Group","hd":false}],"ip":0,"op":899.000036617021,"st":0,"bm":0},{"ddd":0,"ind":2,"ty":4,"nm":"Calque de forme 4","sr":1,"ks":{"o":{"a":0,"k":100,"ix":11},"r":{"a":0,"k":0,"ix":10},"p":{"a":0,"k":[92.5,130,0],"ix":2},"a":{"a":0,"k":[0,0,0],"ix":1},"s":{"a":0,"k":[100,100,100],"ix":6}},"ao":0,"shapes":[{"ty":"gr","it":[{"ind":0,"ty":"sh","ix":1,"ks":{"a":0,"k":{"i":[[0,0],[0,0],[0,0.125],[0,0]],"o":[[0,0],[0,0],[4,-1.688],[0,0]],"v":[[23.188,108.625],[22.625,109.875],[22.813,117.875],[26.688,109.313]],"c":true},"ix":2},"nm":"Tracé 1","mn":"ADBE Vector Shape - Group","hd":false},{"ty":"fl","c":{"a":0,"k":[1,0.592156862745,0.650980392157,1],"ix":4},"o":{"a":0,"k":100,"ix":5},"r":1,"nm":"Fond 1","mn":"ADBE Vector Graphic - Fill","hd":false},{"ty":"tr","p":{"a":0,"k":[0,0],"ix":2},"a":{"a":0,"k":[0,0],"ix":1},"s":{"a":0,"k":[100,100],"ix":3},"r":{"a":0,"k":0,"ix":6},"o":{"a":0,"k":100,"ix":7},"sk":{"a":0,"k":0,"ix":4},"sa":{"a":0,"k":0,"ix":5},"nm":"Transformer "}],"nm":"Forme 1","np":3,"cix":2,"ix":1,"mn":"ADBE Vector Group","hd":false}],"ip":0,"op":899.000036617021,"st":0,"bm":0},{"ddd":0,"ind":3,"ty":4,"nm":"Calque de forme 6","sr":1,"ks":{"o":{"a":0,"k":100,"ix":11},"r":{"a":0,"k":0,"ix":10},"p":{"a":0,"k":[92.5,130,0],"ix":2},"a":{"a":0,"k":[0,0,0],"ix":1},"s":{"a":0,"k":[100,100,100],"ix":6}},"ao":0,"shapes":[{"ty":"gr","it":[{"ind":0,"ty":"sh","ix":1,"ks":{"a":0,"k":{"i":[[0,0],[0.25,-0.063],[0.125,0],[0,0.125]],"o":[[0,0],[-1.875,2.563],[5.063,-4.375],[0,-1.688]],"v":[[25.813,108.938],[23.25,114.188],[22.75,123.063],[29.375,110.5]],"c":true},"ix":2},"nm":"Tracé 1","mn":"ADBE Vector Shape - Group","hd":false},{"ty":"fl","c":{"a":0,"k":[0.231372563979,0.16862745098,0.356862745098,1],"ix":4},"o":{"a":0,"k":100,"ix":5},"r":1,"nm":"Fond 1","mn":"ADBE Vector Graphic - Fill","hd":false},{"ty":"tr","p":{"a":0,"k":[0,0],"ix":2},"a":{"a":0,"k":[0,0],"ix":1},"s":{"a":0,"k":[100,100],"ix":3},"r":{"a":0,"k":0,"ix":6},"o":{"a":0,"k":100,"ix":7},"sk":{"a":0,"k":0,"ix":4},"sa":{"a":0,"k":0,"ix":5},"nm":"Transformer "}],"nm":"Forme 1","np":3,"cix":2,"ix":1,"mn":"ADBE Vector Group","hd":false}],"ip":0,"op":899.000036617021,"st":0,"bm":0},{"ddd":0,"ind":4,"ty":4,"nm":"Calque de forme 3","sr":1,"ks":{"o":{"a":0,"k":100,"ix":11},"r":{"a":0,"k":0,"ix":10},"p":{"a":0,"k":[92.5,130,0],"ix":2},"a":{"a":0,"k":[0,0,0],"ix":1},"s":{"a":0,"k":[100,100,100],"ix":6}},"ao":0,"shapes":[{"ty":"gr","it":[{"ind":0,"ty":"sh","ix":1,"ks":{"a":0,"k":{"i":[[4.063,4.375],[0,0],[0,0],[-2.75,0.25]],"o":[[-0.063,0.063],[0,0],[0,0],[0.375,-0.125]],"v":[[45.625,110.938],[44,111.875],[43.813,115.5],[51.063,118.563]],"c":true},"ix":2},"nm":"Tracé 1","mn":"ADBE Vector Shape - Group","hd":false},{"ty":"fl","c":{"a":0,"k":[1,0.592156862745,0.650980392157,1],"ix":4},"o":{"a":0,"k":100,"ix":5},"r":1,"nm":"Fond 1","mn":"ADBE Vector Graphic - Fill","hd":false},{"ty":"tr","p":{"a":0,"k":[0,0],"ix":2},"a":{"a":0,"k":[0,0],"ix":1},"s":{"a":0,"k":[100,100],"ix":3},"r":{"a":0,"k":0,"ix":6},"o":{"a":0,"k":100,"ix":7},"sk":{"a":0,"k":0,"ix":4},"sa":{"a":0,"k":0,"ix":5},"nm":"Transformer "}],"nm":"Forme 1","np":3,"cix":2,"ix":1,"mn":"ADBE Vector Group","hd":false}],"ip":0,"op":899.000036617021,"st":0,"bm":0},{"ddd":0,"ind":5,"ty":4,"nm":"Calque de forme 5","sr":1,"ks":{"o":{"a":0,"k":100,"ix":11},"r":{"a":0,"k":0,"ix":10},"p":{"a":0,"k":[92.5,130,0],"ix":2},"a":{"a":0,"k":[0,0,0],"ix":1},"s":{"a":0,"k":[100,100,100],"ix":6}},"ao":0,"shapes":[{"ty":"gr","it":[{"ind":0,"ty":"sh","ix":1,"ks":{"a":0,"k":{"i":[[6.938,6.188],[0,0],[-0.375,-1.5],[-5.313,1.563]],"o":[[0.188,0.25],[0,0],[-0.188,-0.063],[0.063,-0.063]],"v":[[48.25,113.938],[43.813,114.125],[42.688,118.125],[53.438,121.938]],"c":true},"ix":2},"nm":"Tracé 1","mn":"ADBE Vector Shape - Group","hd":false},{"ty":"fl","c":{"a":0,"k":[0.231372563979,0.16862745098,0.356862745098,1],"ix":4},"o":{"a":0,"k":100,"ix":5},"r":1,"nm":"Fond 1","mn":"ADBE Vector Graphic - Fill","hd":false},{"ty":"tr","p":{"a":0,"k":[0,0],"ix":2},"a":{"a":0,"k":[0,0],"ix":1},"s":{"a":0,"k":[100,100],"ix":3},"r":{"a":0,"k":0,"ix":6},"o":{"a":0,"k":100,"ix":7},"sk":{"a":0,"k":0,"ix":4},"sa":{"a":0,"k":0,"ix":5},"nm":"Transformer "}],"nm":"Forme 1","np":3,"cix":2,"ix":1,"mn":"ADBE Vector Group","hd":false}],"ip":0,"op":899.000036617021,"st":0,"bm":0},{"ddd":0,"ind":6,"ty":4,"nm":"Calque de forme 2","sr":1,"ks":{"o":{"a":0,"k":100,"ix":11},"r":{"a":0,"k":0,"ix":10},"p":{"a":0,"k":[123.75,130,0],"ix":2},"a":{"a":0,"k":[0,0,0],"ix":1},"s":{"a":0,"k":[100,100,100],"ix":6}},"ao":0,"shapes":[{"ty":"gr","it":[{"ind":0,"ty":"sh","ix":1,"ks":{"a":0,"k":{"i":[[1.438,-2.813],[0,0],[0,0],[0,0],[0,0],[0.75,0.25],[1.875,-0.688],[-2.063,-3.625],[-1,0.5],[-0.25,0.25],[1.5,-0.75],[0.75,-0.5],[-0.5,-0.5]],"o":[[-2.595,5.078],[0,0],[0,0],[0,0],[0,0],[-1.875,-5.625],[-10.063,5.563],[8.063,13.688],[0.25,16],[26,2],[2.25,-4.25],[-2,-10],[-12,-28.75]],"v":[[-65.25,-120.25],[-39.938,-56.813],[-47.378,-55.075],[-51.129,-55.434],[-57.5,-57.438],[-77,-110.75],[-87.25,-114.5],[-85.125,-84.5],[-64.5,-46.5],[-54,-13],[-24,-23.5],[-26.75,-56.25],[-41.25,-104.25]],"c":true},"ix":2},"nm":"Tracé 1","mn":"ADBE Vector Shape - Group","hd":false},{"ty":"fl","c":{"a":0,"k":[0.827451040231,0.90588241278,0.949019667682,1],"ix":4},"o":{"a":0,"k":100,"ix":5},"r":1,"nm":"Fond 1","mn":"ADBE Vector Graphic - Fill","hd":false},{"ty":"tr","p":{"a":0,"k":[-31.25,0],"ix":2},"a":{"a":0,"k":[0,0],"ix":1},"s":{"a":0,"k":[100,100],"ix":3},"r":{"a":0,"k":0,"ix":6},"o":{"a":0,"k":100,"ix":7},"sk":{"a":0,"k":0,"ix":4},"sa":{"a":0,"k":0,"ix":5},"nm":"Transformer "}],"nm":"Forme 1","np":3,"cix":2,"ix":1,"mn":"ADBE Vector Group","hd":false}],"ip":0,"op":899.000036617021,"st":0,"bm":0},{"ddd":0,"ind":7,"ty":4,"nm":"Calque de forme 8","sr":1,"ks":{"o":{"a":0,"k":100,"ix":11},"r":{"a":0,"k":0,"ix":10},"p":{"a":0,"k":[92.5,130,0],"ix":2},"a":{"a":0,"k":[0,0,0],"ix":1},"s":{"a":0,"k":[100,100,100],"ix":6}},"ao":0,"shapes":[{"ty":"gr","it":[{"ind":0,"ty":"sh","ix":1,"ks":{"a":0,"k":{"i":[[1.875,-0.375],[-7.75,-1.188],[3.188,3]],"o":[[-1.875,0.375],[-0.125,-0.063],[-0.438,-0.063]],"v":[[-52.313,-75.938],[-41.375,-63.063],[-41,-72.563]],"c":true},"ix":2},"nm":"Tracé 1","mn":"ADBE Vector Shape - Group","hd":false},{"ty":"fl","c":{"a":0,"k":[1,0.121568634931,0.223529426724,1],"ix":4},"o":{"a":0,"k":100,"ix":5},"r":1,"nm":"Fond 1","mn":"ADBE Vector Graphic - Fill","hd":false},{"ty":"tr","p":{"a":0,"k":[0,0],"ix":2},"a":{"a":0,"k":[0,0],"ix":1},"s":{"a":0,"k":[100,100],"ix":3},"r":{"a":0,"k":0,"ix":6},"o":{"a":0,"k":100,"ix":7},"sk":{"a":0,"k":0,"ix":4},"sa":{"a":0,"k":0,"ix":5},"nm":"Transformer "}],"nm":"Forme 1","np":3,"cix":2,"ix":1,"mn":"ADBE Vector Group","hd":false}],"ip":0,"op":899.000036617021,"st":0,"bm":0},{"ddd":0,"ind":8,"ty":4,"nm":"Calque de forme 10","sr":1,"ks":{"o":{"a":0,"k":100,"ix":11},"r":{"a":0,"k":0,"ix":10},"p":{"a":0,"k":[92.5,130,0],"ix":2},"a":{"a":0,"k":[0,0,0],"ix":1},"s":{"a":0,"k":[100,100,100],"ix":6}},"ao":0,"shapes":[{"ty":"gr","it":[{"ind":0,"ty":"sh","ix":1,"ks":{"a":0,"k":{"i":[[3.125,-2.375],[-6.5,-5.188],[0,0],[0.813,3.563]],"o":[[0.188,0.125],[0.125,0.063],[0,0],[0.313,0.063]],"v":[[-87.188,-122.563],[-85.313,-113.875],[-82.688,-114.063],[-84.625,-120.563]],"c":true},"ix":2},"nm":"Tracé 1","mn":"ADBE Vector Shape - Group","hd":false},{"ty":"fl","c":{"a":0,"k":[1,0.592156862745,0.650980392157,1],"ix":4},"o":{"a":0,"k":100,"ix":5},"r":1,"nm":"Fond 1","mn":"ADBE Vector Graphic - Fill","hd":false},{"ty":"tr","p":{"a":0,"k":[0,0],"ix":2},"a":{"a":0,"k":[0,0],"ix":1},"s":{"a":0,"k":[100,100],"ix":3},"r":{"a":0,"k":0,"ix":6},"o":{"a":0,"k":100,"ix":7},"sk":{"a":0,"k":0,"ix":4},"sa":{"a":0,"k":0,"ix":5},"nm":"Transformer "}],"nm":"Forme 1","np":3,"cix":2,"ix":1,"mn":"ADBE Vector Group","hd":false}],"ip":0,"op":899.000036617021,"st":0,"bm":0},{"ddd":0,"ind":9,"ty":4,"nm":"Calque de forme 9","sr":1,"ks":{"o":{"a":0,"k":100,"ix":11},"r":{"a":0,"k":0,"ix":10},"p":{"a":0,"k":[92.5,130,0],"ix":2},"a":{"a":0,"k":[0,0,0],"ix":1},"s":{"a":0,"k":[100,100,100],"ix":6}},"ao":0,"shapes":[{"ty":"gr","it":[{"ind":0,"ty":"sh","ix":1,"ks":{"a":0,"k":{"i":[[0.125,0],[-0.313,-0.063],[-0.188,0.125],[0,0],[-0.063,0.25]],"o":[[-6.563,-0.625],[1.188,0.688],[-0.188,2.938],[0,0],[0.375,-5.063]],"v":[[-63.938,-127.938],[-66.125,-125.25],[-65.625,-123],[-63.375,-120.188],[-61.563,-121.25]],"c":true},"ix":2},"nm":"Tracé 1","mn":"ADBE Vector Shape - Group","hd":false},{"ty":"fl","c":{"a":0,"k":[1,0.592156862745,0.650980392157,1],"ix":4},"o":{"a":0,"k":100,"ix":5},"r":1,"nm":"Fond 1","mn":"ADBE Vector Graphic - Fill","hd":false},{"ty":"tr","p":{"a":0,"k":[0,0],"ix":2},"a":{"a":0,"k":[0,0],"ix":1},"s":{"a":0,"k":[100,100],"ix":3},"r":{"a":0,"k":0,"ix":6},"o":{"a":0,"k":100,"ix":7},"sk":{"a":0,"k":0,"ix":4},"sa":{"a":0,"k":0,"ix":5},"nm":"Transformer "}],"nm":"Forme 1","np":3,"cix":2,"ix":1,"mn":"ADBE Vector Group","hd":false}],"ip":0,"op":899.000036617021,"st":0,"bm":0},{"ddd":0,"ind":10,"ty":4,"nm":"Calque de forme 7","sr":1,"ks":{"o":{"a":0,"k":100,"ix":11},"r":{"a":0,"k":0,"ix":10},"p":{"a":0,"k":[92.375,130.875,0],"ix":2},"a":{"a":0,"k":[0,0,0],"ix":1},"s":{"a":0,"k":[99.293,100,100],"ix":6}},"ao":0,"shapes":[{"ty":"gr","it":[{"ind":0,"ty":"sh","ix":1,"ks":{"a":0,"k":{"i":[[0,0],[0,0],[0,0],[-2.895,1.5]],"o":[[0,0],[0,0],[0,0],[0.063,0.188]],"v":[[-48.09,-64.25],[-52.307,-63.688],[-51.552,-55.813],[-46.831,-56.063]],"c":true},"ix":2},"nm":"Tracé 1","mn":"ADBE Vector Shape - Group","hd":false},{"ty":"fl","c":{"a":0,"k":[0.976470648074,0.56862745098,0.63137254902,1],"ix":4},"o":{"a":0,"k":100,"ix":5},"r":1,"nm":"Fond 1","mn":"ADBE Vector Graphic - Fill","hd":false},{"ty":"tr","p":{"a":0,"k":[0,0],"ix":2},"a":{"a":0,"k":[0,0],"ix":1},"s":{"a":0,"k":[100,100],"ix":3},"r":{"a":0,"k":0,"ix":6},"o":{"a":0,"k":100,"ix":7},"sk":{"a":0,"k":0,"ix":4},"sa":{"a":0,"k":0,"ix":5},"nm":"Transformer "}],"nm":"Forme 1","np":3,"cix":2,"ix":1,"mn":"ADBE Vector Group","hd":false},{"ty":"gr","it":[{"d":1,"ty":"el","s":{"a":0,"k":[13.813,13.813],"ix":2},"p":{"a":0,"k":[0,0],"ix":3},"nm":"Tracé d'ellipse 1","mn":"ADBE Vector Shape - Ellipse","hd":false},{"ty":"fl","c":{"a":0,"k":[0.976470648074,0.56862745098,0.63137254902,1],"ix":4},"o":{"a":0,"k":100,"ix":5},"r":1,"nm":"Fond 1","mn":"ADBE Vector Graphic - Fill","hd":false},{"ty":"tr","p":{"a":0,"k":[-51.094,-68.656],"ix":2},"a":{"a":0,"k":[0,0],"ix":1},"s":{"a":0,"k":[100,100],"ix":3},"r":{"a":0,"k":0,"ix":6},"o":{"a":0,"k":100,"ix":7},"sk":{"a":0,"k":0,"ix":4},"sa":{"a":0,"k":0,"ix":5},"nm":"Transformer "}],"nm":"Ellipse 1","np":3,"cix":2,"ix":2,"mn":"ADBE Vector Group","hd":false}],"ip":0,"op":899.000036617021,"st":0,"bm":0},{"ddd":0,"ind":11,"ty":4,"nm":"Calque de forme 1","sr":1,"ks":{"o":{"a":0,"k":100,"ix":11},"r":{"a":0,"k":0,"ix":10},"p":{"a":0,"k":[94.5,133.5,0],"ix":2},"a":{"a":0,"k":[0,0,0],"ix":1},"s":{"a":0,"k":[100,100,100],"ix":6}},"ao":0,"shapes":[{"ty":"gr","it":[{"ind":0,"ty":"sh","ix":1,"ks":{"a":1,"k":[{"i":{"x":0.833,"y":0.833},"o":{"x":0.167,"y":0.167},"n":"0p833_0p833_0p167_0p167","t":0,"s":[{"i":[[35,-6],[1.5,1],[-0.76,0.414],[0.488,2.439],[1,2.5]],"o":[[-35,6],[26,5],[30.579,-16.68],[32.5,1.5],[-33.291,-7.95]],"v":[[-53.5,-70],[-74.5,91.5],[-17.715,74.706],[39.5,66],[81.5,44.5]],"c":true}],"e":[{"i":[[25.5,-11],[-6.946,-6.946],[-16.511,4.79],[-21.68,5.674],[0.5,2]],"o":[[-25.5,11],[1,1],[21.523,-6.244],[14.353,-3.756],[-6.026,-24.105]],"v":[[-52.5,-70.5],[-68,78],[-28.452,64.753],[37.25,60.5],[81.5,44.5]],"c":true}]},{"i":{"x":0.833,"y":0.833},"o":{"x":0.167,"y":0.167},"n":"0p833_0p833_0p167_0p167","t":5,"s":[{"i":[[25.5,-11],[-6.946,-6.946],[-16.511,4.79],[-21.68,5.674],[0.5,2]],"o":[[-25.5,11],[1,1],[21.523,-6.244],[14.353,-3.756],[-6.026,-24.105]],"v":[[-52.5,-70.5],[-68,78],[-28.452,64.753],[37.25,60.5],[81.5,44.5]],"c":true}],"e":[{"i":[[29,-14],[1.5,1],[-12.548,14.997],[-22,-1],[1,2.5]],"o":[[-29,14],[21.75,5],[24.657,-29.469],[32.5,1.5],[-30.125,-16.625]],"v":[[-51,-68.5],[-74.5,91.5],[-22.202,84.503],[25.5,47.5],[81.5,34.5]],"c":true}]},{"i":{"x":0.833,"y":0.833},"o":{"x":0.167,"y":0.167},"n":"0p833_0p833_0p167_0p167","t":10,"s":[{"i":[[29,-14],[1.5,1],[-12.548,14.997],[-22,-1],[1,2.5]],"o":[[-29,14],[21.75,5],[24.657,-29.469],[32.5,1.5],[-30.125,-16.625]],"v":[[-51,-68.5],[-74.5,91.5],[-22.202,84.503],[25.5,47.5],[81.5,34.5]],"c":true}],"e":[{"i":[[32,-15.5],[1.5,1],[-16.658,10.239],[-21.125,6.25],[0,2.25]],"o":[[-32,15.5],[21.75,5],[20.952,-12.878],[31.198,-9.23],[0,-12.75]],"v":[[-51,-69],[-70.375,88.875],[-23.952,74.878],[33.875,60.125],[72.5,41.75]],"c":true}]},{"i":{"x":0.833,"y":0.833},"o":{"x":0.167,"y":0.167},"n":"0p833_0p833_0p167_0p167","t":15,"s":[{"i":[[32,-15.5],[1.5,1],[-16.658,10.239],[-21.125,6.25],[0,2.25]],"o":[[-32,15.5],[21.75,5],[20.952,-12.878],[31.198,-9.23],[0,-12.75]],"v":[[-51,-69],[-70.375,88.875],[-23.952,74.878],[33.875,60.125],[72.5,41.75]],"c":true}],"e":[{"i":[[37.5,-10.5],[1.5,1],[-18.548,10.122],[-21.125,6.25],[1,2.5]],"o":[[-37.5,10.5],[21.75,5],[33.728,-18.406],[31.198,-9.23],[-50.5,-23.75]],"v":[[-52.5,-71.5],[-85.875,84.375],[-32.952,84.878],[34.375,71.625],[72,32.25]],"c":true}]},{"i":{"x":0.833,"y":0.833},"o":{"x":0.167,"y":0.167},"n":"0p833_0p833_0p167_0p167","t":20,"s":[{"i":[[37.5,-10.5],[1.5,1],[-18.548,10.122],[-21.125,6.25],[1,2.5]],"o":[[-37.5,10.5],[21.75,5],[33.728,-18.406],[31.198,-9.23],[-50.5,-23.75]],"v":[[-52.5,-71.5],[-85.875,84.375],[-32.952,84.878],[34.375,71.625],[72,32.25]],"c":true}],"e":[{"i":[[28.5,-5],[1.5,1],[-21.117,0.743],[-22.375,28.875],[-9.5,0.25]],"o":[[-28.5,5],[21.75,5],[24.952,-0.878],[19.928,-25.717],[9.5,-0.25]],"v":[[-51,-68.5],[-85.875,84.375],[-42.452,73.878],[17.875,51.625],[70.5,36.25]],"c":true}]},{"i":{"x":0.833,"y":0.833},"o":{"x":0.167,"y":0.167},"n":"0p833_0p833_0p167_0p167","t":25,"s":[{"i":[[28.5,-5],[1.5,1],[-21.117,0.743],[-22.375,28.875],[-9.5,0.25]],"o":[[-28.5,5],[21.75,5],[24.952,-0.878],[19.928,-25.717],[9.5,-0.25]],"v":[[-51,-68.5],[-85.875,84.375],[-42.452,73.878],[17.875,51.625],[70.5,36.25]],"c":true}],"e":[{"i":[[41,-15.5],[1.5,1],[-20.048,18.122],[-32.226,1.947],[-9,18.25]],"o":[[-41,15.5],[21.75,5],[5.553,-5.019],[18.625,-1.125],[-8,-0.75]],"v":[[-52.5,-66.5],[-67.375,83.375],[-10.952,64.878],[27.875,51.625],[65.5,36.75]],"c":true}]},{"i":{"x":0.833,"y":0.833},"o":{"x":0.167,"y":0.167},"n":"0p833_0p833_0p167_0p167","t":30,"s":[{"i":[[41,-15.5],[1.5,1],[-20.048,18.122],[-32.226,1.947],[-9,18.25]],"o":[[-41,15.5],[21.75,5],[5.553,-5.019],[18.625,-1.125],[-8,-0.75]],"v":[[-52.5,-66.5],[-67.375,83.375],[-10.952,64.878],[27.875,51.625],[65.5,36.75]],"c":true}],"e":[{"i":[[35,-6],[1.5,1],[-0.76,0.414],[0.488,2.439],[1,2.5]],"o":[[-35,6],[26,5],[30.579,-16.68],[32.5,1.5],[-33.291,-7.95]],"v":[[-53.5,-70],[-74.5,91.5],[-17.715,74.706],[39.5,66],[81.5,44.5]],"c":true}]},{"i":{"x":0.833,"y":0.833},"o":{"x":0.167,"y":0.167},"n":"0p833_0p833_0p167_0p167","t":35,"s":[{"i":[[35,-6],[1.5,1],[-0.76,0.414],[0.488,2.439],[1,2.5]],"o":[[-35,6],[26,5],[30.579,-16.68],[32.5,1.5],[-33.291,-7.95]],"v":[[-53.5,-70],[-74.5,91.5],[-17.715,74.706],[39.5,66],[81.5,44.5]],"c":true}],"e":[{"i":[[25.5,-11],[-6.946,-6.946],[-16.511,4.79],[-21.68,5.674],[0.5,2]],"o":[[-25.5,11],[1,1],[21.523,-6.244],[14.353,-3.756],[-6.026,-24.105]],"v":[[-52.5,-70.5],[-68,78],[-28.452,64.753],[37.25,60.5],[81.5,44.5]],"c":true}]},{"i":{"x":0.833,"y":0.833},"o":{"x":0.167,"y":0.167},"n":"0p833_0p833_0p167_0p167","t":40,"s":[{"i":[[25.5,-11],[-6.946,-6.946],[-16.511,4.79],[-21.68,5.674],[0.5,2]],"o":[[-25.5,11],[1,1],[21.523,-6.244],[14.353,-3.756],[-6.026,-24.105]],"v":[[-52.5,-70.5],[-68,78],[-28.452,64.753],[37.25,60.5],[81.5,44.5]],"c":true}],"e":[{"i":[[29,-14],[1.5,1],[-12.548,14.997],[-22,-1],[1,2.5]],"o":[[-29,14],[21.75,5],[24.657,-29.469],[32.5,1.5],[-30.125,-16.625]],"v":[[-51,-68.5],[-74.5,91.5],[-22.202,84.503],[25.5,47.5],[81.5,34.5]],"c":true}]},{"i":{"x":0.833,"y":0.833},"o":{"x":0.167,"y":0.167},"n":"0p833_0p833_0p167_0p167","t":45,"s":[{"i":[[29,-14],[1.5,1],[-12.548,14.997],[-22,-1],[1,2.5]],"o":[[-29,14],[21.75,5],[24.657,-29.469],[32.5,1.5],[-30.125,-16.625]],"v":[[-51,-68.5],[-74.5,91.5],[-22.202,84.503],[25.5,47.5],[81.5,34.5]],"c":true}],"e":[{"i":[[32,-15.5],[1.5,1],[-16.658,10.239],[-21.125,6.25],[0,2.25]],"o":[[-32,15.5],[21.75,5],[20.952,-12.878],[31.198,-9.23],[0,-12.75]],"v":[[-51,-69],[-70.375,88.875],[-23.952,74.878],[33.875,60.125],[72.5,41.75]],"c":true}]},{"i":{"x":0.833,"y":0.833},"o":{"x":0.167,"y":0.167},"n":"0p833_0p833_0p167_0p167","t":50,"s":[{"i":[[32,-15.5],[1.5,1],[-16.658,10.239],[-21.125,6.25],[0,2.25]],"o":[[-32,15.5],[21.75,5],[20.952,-12.878],[31.198,-9.23],[0,-12.75]],"v":[[-51,-69],[-70.375,88.875],[-23.952,74.878],[33.875,60.125],[72.5,41.75]],"c":true}],"e":[{"i":[[37.5,-10.5],[1.5,1],[-18.548,10.122],[-21.125,6.25],[1,2.5]],"o":[[-37.5,10.5],[21.75,5],[33.728,-18.406],[31.198,-9.23],[-50.5,-23.75]],"v":[[-52.5,-71.5],[-85.875,84.375],[-32.952,84.878],[34.375,71.625],[72,32.25]],"c":true}]},{"i":{"x":0.833,"y":0.833},"o":{"x":0.167,"y":0.167},"n":"0p833_0p833_0p167_0p167","t":55,"s":[{"i":[[37.5,-10.5],[1.5,1],[-18.548,10.122],[-21.125,6.25],[1,2.5]],"o":[[-37.5,10.5],[21.75,5],[33.728,-18.406],[31.198,-9.23],[-50.5,-23.75]],"v":[[-52.5,-71.5],[-85.875,84.375],[-32.952,84.878],[34.375,71.625],[72,32.25]],"c":true}],"e":[{"i":[[28.5,-5],[1.5,1],[-21.117,0.743],[-22.375,28.875],[-9,18.25]],"o":[[-28.5,5],[21.75,5],[24.952,-0.878],[19.928,-25.717],[-7.75,-0.75]],"v":[[-51,-68.5],[-85.875,84.375],[-42.452,73.878],[17.875,51.625],[55.5,12.25]],"c":true}]},{"i":{"x":0.833,"y":0.833},"o":{"x":0.167,"y":0.167},"n":"0p833_0p833_0p167_0p167","t":60,"s":[{"i":[[28.5,-5],[1.5,1],[-21.117,0.743],[-22.375,28.875],[-9,18.25]],"o":[[-28.5,5],[21.75,5],[24.952,-0.878],[19.928,-25.717],[-7.75,-0.75]],"v":[[-51,-68.5],[-85.875,84.375],[-42.452,73.878],[17.875,51.625],[55.5,12.25]],"c":true}],"e":[{"i":[[41,-15.5],[1.5,1],[-20.048,18.122],[-32.226,1.947],[-9,18.25]],"o":[[-41,15.5],[21.75,5],[5.553,-5.019],[18.625,-1.125],[-8,-0.75]],"v":[[-52.5,-66.5],[-67.375,83.375],[-10.952,64.878],[27.875,51.625],[65.5,36.75]],"c":true}]},{"i":{"x":0.833,"y":0.833},"o":{"x":0.167,"y":0.167},"n":"0p833_0p833_0p167_0p167","t":65,"s":[{"i":[[41,-15.5],[1.5,1],[-20.048,18.122],[-32.226,1.947],[-9,18.25]],"o":[[-41,15.5],[21.75,5],[5.553,-5.019],[18.625,-1.125],[-8,-0.75]],"v":[[-52.5,-66.5],[-67.375,83.375],[-10.952,64.878],[27.875,51.625],[65.5,36.75]],"c":true}],"e":[{"i":[[35,-6],[1.5,1],[-0.76,0.414],[0.488,2.439],[1,2.5]],"o":[[-35,6],[26,5],[30.579,-16.68],[32.5,1.5],[-33.291,-7.95]],"v":[[-53.5,-70],[-74.5,91.5],[-17.715,74.706],[39.5,66],[81.5,44.5]],"c":true}]},{"t":70.0000028511585}],"ix":2},"nm":"Tracé 1","mn":"ADBE Vector Shape - Group","hd":false},{"ty":"fl","c":{"a":0,"k":[0.231372563979,0.16862745098,0.356862745098,1],"ix":4},"o":{"a":0,"k":100,"ix":5},"r":1,"nm":"Fond 1","mn":"ADBE Vector Graphic - Fill","hd":false},{"ty":"tr","p":{"a":0,"k":[0,0],"ix":2},"a":{"a":0,"k":[0,0],"ix":1},"s":{"a":0,"k":[100,100],"ix":3},"r":{"a":0,"k":0,"ix":6},"o":{"a":0,"k":100,"ix":7},"sk":{"a":0,"k":0,"ix":4},"sa":{"a":0,"k":0,"ix":5},"nm":"Transformer "}],"nm":"Forme 1","np":3,"cix":2,"ix":1,"mn":"ADBE Vector Group","hd":false}],"ip":0,"op":899.000036617021,"st":0,"bm":0},{"ddd":0,"ind":12,"ty":4,"nm":"hair","sr":1,"ks":{"o":{"a":0,"k":100,"ix":11},"r":{"a":0,"k":0,"ix":10},"p":{"a":0,"k":[90.125,129.625,0],"ix":2},"a":{"a":0,"k":[0,0,0],"ix":1},"s":{"a":0,"k":[100,100,100],"ix":6}},"ao":0,"shapes":[{"ty":"gr","it":[{"ind":0,"ty":"sh","ix":1,"ks":{"a":1,"k":[{"i":{"x":0.833,"y":0.833},"o":{"x":0.167,"y":0.167},"n":"0p833_0p833_0p167_0p167","t":0,"s":[{"i":[[1.75,-3.25],[-1.25,-6.375],[-4.203,7.506],[0.5,-0.25],[0.75,0]],"o":[[-5.5,4],[22.75,48.25],[5.25,-9.375],[-7.5,-23.75],[-12.25,-17.375]],"v":[[-54.125,-78.25],[-59.625,-62.5],[8,-42.5],[2.5,-59],[-25.25,-72.75]],"c":true}],"e":[{"i":[[0.125,0],[0.25,0.75],[-10.875,9.5],[0.5,-0.25],[2.125,2.25]],"o":[[-9,1.5],[22.75,48.25],[10.875,-9.5],[-9.75,-15.25],[-17.723,-18.765]],"v":[[-52.75,-77.25],[-58.25,-63.25],[9,-40.25],[2.5,-59],[-19.875,-72.125]],"c":true}]},{"i":{"x":0.833,"y":0.833},"o":{"x":0.167,"y":0.167},"n":"0p833_0p833_0p167_0p167","t":5,"s":[{"i":[[0.125,0],[0.25,0.75],[-10.875,9.5],[0.5,-0.25],[2.125,2.25]],"o":[[-9,1.5],[22.75,48.25],[10.875,-9.5],[-9.75,-15.25],[-17.723,-18.765]],"v":[[-52.75,-77.25],[-58.25,-63.25],[9,-40.25],[2.5,-59],[-19.875,-72.125]],"c":true}],"e":[{"i":[[0.125,0],[0.25,0.75],[-10.875,9.5],[0.5,-0.25],[0.75,0]],"o":[[-9,1.5],[10,42.375],[10.875,-9.5],[-3.625,-19.375],[-7.125,-22.875]],"v":[[-56.125,-76.875],[-61.625,-62.875],[-0.875,-38.25],[-3.875,-59.125],[-27.625,-69.625]],"c":true}]},{"i":{"x":0.833,"y":0.833},"o":{"x":0.167,"y":0.167},"n":"0p833_0p833_0p167_0p167","t":10,"s":[{"i":[[0.125,0],[0.25,0.75],[-10.875,9.5],[0.5,-0.25],[0.75,0]],"o":[[-9,1.5],[10,42.375],[10.875,-9.5],[-3.625,-19.375],[-7.125,-22.875]],"v":[[-56.125,-76.875],[-61.625,-62.875],[-0.875,-38.25],[-3.875,-59.125],[-27.625,-69.625]],"c":true}],"e":[{"i":[[0.125,0],[0.25,0.75],[-10.875,9.5],[0.5,-0.25],[0.75,0]],"o":[[-9,1.5],[10,42.375],[10.875,-9.5],[-3.125,-17.875],[-15.5,-16.125]],"v":[[-52.75,-77.25],[-58.25,-63.25],[-3.375,-35.875],[-3.625,-55.5],[-22.625,-72.875]],"c":true}]},{"i":{"x":0.833,"y":0.833},"o":{"x":0.167,"y":0.167},"n":"0p833_0p833_0p167_0p167","t":15,"s":[{"i":[[0.125,0],[0.25,0.75],[-10.875,9.5],[0.5,-0.25],[0.75,0]],"o":[[-9,1.5],[10,42.375],[10.875,-9.5],[-3.125,-17.875],[-15.5,-16.125]],"v":[[-52.75,-77.25],[-58.25,-63.25],[-3.375,-35.875],[-3.625,-55.5],[-22.625,-72.875]],"c":true}],"e":[{"i":[[0.125,0],[0.25,0.75],[-10.875,9.5],[0.5,-0.25],[0.75,0]],"o":[[-9,1.5],[10,42.375],[10.875,-9.5],[-3.125,-17.875],[-15.5,-16.125]],"v":[[-52.75,-77.25],[-58.25,-63.25],[6.125,-36.875],[5.75,-56.75],[-21.125,-76]],"c":true}]},{"i":{"x":0.833,"y":0.833},"o":{"x":0.167,"y":0.167},"n":"0p833_0p833_0p167_0p167","t":20,"s":[{"i":[[0.125,0],[0.25,0.75],[-10.875,9.5],[0.5,-0.25],[0.75,0]],"o":[[-9,1.5],[10,42.375],[10.875,-9.5],[-3.125,-17.875],[-15.5,-16.125]],"v":[[-52.75,-77.25],[-58.25,-63.25],[6.125,-36.875],[5.75,-56.75],[-21.125,-76]],"c":true}],"e":[{"i":[[0.125,0],[0.25,0.75],[-12.636,6.99],[3.625,4.875],[0.75,0]],"o":[[-9,1.5],[10,42.375],[5.875,-3.25],[-6.5,-23.5],[-15.5,-16.125]],"v":[[-52.75,-77.25],[-58.25,-63.25],[6.125,-36.875],[12.5,-55.625],[-20.125,-76.125]],"c":true}]},{"i":{"x":0.833,"y":0.833},"o":{"x":0.167,"y":0.167},"n":"0p833_0p833_0p167_0p167","t":25,"s":[{"i":[[0.125,0],[0.25,0.75],[-12.636,6.99],[3.625,4.875],[0.75,0]],"o":[[-9,1.5],[10,42.375],[5.875,-3.25],[-6.5,-23.5],[-15.5,-16.125]],"v":[[-52.75,-77.25],[-58.25,-63.25],[6.125,-36.875],[12.5,-55.625],[-20.125,-76.125]],"c":true}],"e":[{"i":[[0.125,0],[0.25,0.75],[-12.636,6.99],[3.625,4.875],[0.75,0]],"o":[[-9,1.5],[10,42.375],[5.875,-3.25],[-6.5,-23.5],[-15.5,-16.125]],"v":[[-52.75,-77.25],[-58.25,-63.25],[0.375,-34.25],[11.75,-53.25],[-20.125,-76.125]],"c":true}]},{"i":{"x":0.833,"y":0.833},"o":{"x":0.167,"y":0.167},"n":"0p833_0p833_0p167_0p167","t":30,"s":[{"i":[[0.125,0],[0.25,0.75],[-12.636,6.99],[3.625,4.875],[0.75,0]],"o":[[-9,1.5],[10,42.375],[5.875,-3.25],[-6.5,-23.5],[-15.5,-16.125]],"v":[[-52.75,-77.25],[-58.25,-63.25],[0.375,-34.25],[11.75,-53.25],[-20.125,-76.125]],"c":true}],"e":[{"i":[[0.75,1.25],[0.25,0.75],[-5.75,8],[0.5,-0.25],[0.75,0]],"o":[[-9,1.5],[22.75,48.25],[5.75,-8],[-7.5,-23.75],[-15.25,-22]],"v":[[-52.75,-77.25],[-58.25,-63.25],[5.5,-44],[2.5,-59],[-25.25,-72.75]],"c":true}]},{"i":{"x":0.833,"y":0.833},"o":{"x":0.167,"y":0.167},"n":"0p833_0p833_0p167_0p167","t":35,"s":[{"i":[[0.75,1.25],[0.25,0.75],[-5.75,8],[0.5,-0.25],[0.75,0]],"o":[[-9,1.5],[22.75,48.25],[5.75,-8],[-7.5,-23.75],[-15.25,-22]],"v":[[-52.75,-77.25],[-58.25,-63.25],[5.5,-44],[2.5,-59],[-25.25,-72.75]],"c":true}],"e":[{"i":[[0.125,0],[-2.48,-6.031],[-8.375,10.875],[0.5,-0.25],[0.75,0]],"o":[[-9,1.5],[11.875,28.875],[8.375,-10.875],[-9.75,-15.25],[-14.375,-18.75]],"v":[[-52.75,-77.25],[-61.5,-58],[9,-40.25],[2.5,-59],[-24.25,-70]],"c":true}]},{"i":{"x":0.833,"y":0.833},"o":{"x":0.167,"y":0.167},"n":"0p833_0p833_0p167_0p167","t":40,"s":[{"i":[[0.125,0],[-2.48,-6.031],[-8.375,10.875],[0.5,-0.25],[0.75,0]],"o":[[-9,1.5],[11.875,28.875],[8.375,-10.875],[-9.75,-15.25],[-14.375,-18.75]],"v":[[-52.75,-77.25],[-61.5,-58],[9,-40.25],[2.5,-59],[-24.25,-70]],"c":true}],"e":[{"i":[[0.125,0],[0.25,0.75],[-10.875,9.5],[0.5,-0.25],[0.75,0]],"o":[[-9,1.5],[10,42.375],[10.875,-9.5],[-3.625,-19.375],[-7.125,-22.875]],"v":[[-52.75,-77.25],[-58.25,-63.25],[2.5,-38.625],[-0.5,-59.5],[-24.25,-70]],"c":true}]},{"i":{"x":0.833,"y":0.833},"o":{"x":0.167,"y":0.167},"n":"0p833_0p833_0p167_0p167","t":45,"s":[{"i":[[0.125,0],[0.25,0.75],[-10.875,9.5],[0.5,-0.25],[0.75,0]],"o":[[-9,1.5],[10,42.375],[10.875,-9.5],[-3.625,-19.375],[-7.125,-22.875]],"v":[[-52.75,-77.25],[-58.25,-63.25],[2.5,-38.625],[-0.5,-59.5],[-24.25,-70]],"c":true}],"e":[{"i":[[0.125,0],[0.25,0.75],[-10.875,9.5],[0.5,-0.25],[0.75,0]],"o":[[-9,1.5],[10,42.375],[10.875,-9.5],[-3.125,-17.875],[-15.5,-16.125]],"v":[[-52.75,-77.25],[-58.25,-63.25],[-3.375,-35.875],[-3.625,-55.5],[-22.625,-72.875]],"c":true}]},{"i":{"x":0.833,"y":0.833},"o":{"x":0.167,"y":0.167},"n":"0p833_0p833_0p167_0p167","t":50,"s":[{"i":[[0.125,0],[0.25,0.75],[-10.875,9.5],[0.5,-0.25],[0.75,0]],"o":[[-9,1.5],[10,42.375],[10.875,-9.5],[-3.125,-17.875],[-15.5,-16.125]],"v":[[-52.75,-77.25],[-58.25,-63.25],[-3.375,-35.875],[-3.625,-55.5],[-22.625,-72.875]],"c":true}],"e":[{"i":[[0.125,0],[0.25,0.75],[-10.875,9.5],[0.5,-0.25],[0.75,0]],"o":[[-9,1.5],[10,42.375],[10.875,-9.5],[-3.125,-17.875],[-15.5,-16.125]],"v":[[-52.75,-77.25],[-58.25,-63.25],[6.125,-36.875],[5.75,-56.75],[-21.125,-76]],"c":true}]},{"i":{"x":0.833,"y":0.833},"o":{"x":0.167,"y":0.167},"n":"0p833_0p833_0p167_0p167","t":55,"s":[{"i":[[0.125,0],[0.25,0.75],[-10.875,9.5],[0.5,-0.25],[0.75,0]],"o":[[-9,1.5],[10,42.375],[10.875,-9.5],[-3.125,-17.875],[-15.5,-16.125]],"v":[[-52.75,-77.25],[-58.25,-63.25],[6.125,-36.875],[5.75,-56.75],[-21.125,-76]],"c":true}],"e":[{"i":[[1.75,-3.25],[-1.25,-6.375],[-6.875,9],[0.5,-0.25],[0.75,0]],"o":[[-5.5,4],[22.75,48.25],[6.875,-9],[-7.5,-23.75],[-12.25,-17.375]],"v":[[-54.125,-78.25],[-59.625,-62.5],[8.75,-39.875],[2.5,-59],[-25.25,-72.75]],"c":true}]},{"i":{"x":0.833,"y":0.833},"o":{"x":0.167,"y":0.167},"n":"0p833_0p833_0p167_0p167","t":60,"s":[{"i":[[1.75,-3.25],[-1.25,-6.375],[-6.875,9],[0.5,-0.25],[0.75,0]],"o":[[-5.5,4],[22.75,48.25],[6.875,-9],[-7.5,-23.75],[-12.25,-17.375]],"v":[[-54.125,-78.25],[-59.625,-62.5],[8.75,-39.875],[2.5,-59],[-25.25,-72.75]],"c":true}],"e":[{"i":[[0.125,0],[0.25,0.75],[-10.875,9.5],[0.5,-0.25],[2.125,2.25]],"o":[[-9,1.5],[22.75,48.25],[10.875,-9.5],[-9.75,-15.25],[-17.723,-18.765]],"v":[[-52.75,-77.25],[-58.25,-63.25],[9,-40.25],[2.5,-59],[-19.875,-72.125]],"c":true}]},{"i":{"x":0.833,"y":0.833},"o":{"x":0.167,"y":0.167},"n":"0p833_0p833_0p167_0p167","t":65,"s":[{"i":[[0.125,0],[0.25,0.75],[-10.875,9.5],[0.5,-0.25],[2.125,2.25]],"o":[[-9,1.5],[22.75,48.25],[10.875,-9.5],[-9.75,-15.25],[-17.723,-18.765]],"v":[[-52.75,-77.25],[-58.25,-63.25],[9,-40.25],[2.5,-59],[-19.875,-72.125]],"c":true}],"e":[{"i":[[1.75,-3.25],[-1.25,-6.375],[-6.875,8.875],[0.5,-0.25],[0.75,0]],"o":[[-5.5,4],[22.75,48.25],[6.875,-8.875],[-7.5,-23.75],[-12.25,-17.375]],"v":[[-54.125,-78.25],[-59.625,-62.5],[3.25,-43.5],[2.5,-59],[-25.25,-72.75]],"c":true}]},{"t":70.0000028511585}],"ix":2},"nm":"Tracé 1","mn":"ADBE Vector Shape - Group","hd":false},{"ty":"fl","c":{"a":0,"k":[1,0.121568634931,0.223529426724,1],"ix":4},"o":{"a":0,"k":100,"ix":5},"r":1,"nm":"Fond 1","mn":"ADBE Vector Graphic - Fill","hd":false},{"ty":"tr","p":{"a":0,"k":[0,0],"ix":2},"a":{"a":0,"k":[0,0],"ix":1},"s":{"a":0,"k":[100,100],"ix":3},"r":{"a":0,"k":0,"ix":6},"o":{"a":0,"k":100,"ix":7},"sk":{"a":0,"k":0,"ix":4},"sa":{"a":0,"k":0,"ix":5},"nm":"Transformer "}],"nm":"Forme 1","np":3,"cix":2,"ix":1,"mn":"ADBE Vector Group","hd":false}],"ip":0,"op":899.000036617021,"st":0,"bm":0}],"markers":[]}