{"v":"5.3.4","fr":29,"ip":0,"op":267,"w":900,"h":370,"nm":"Comp 1","ddd":0,"assets":[],"layers":[{"ddd":0,"ind":1,"ty":4,"nm":"dollar 4 Outlines","sr":1,"ks":{"o":{"a":0,"k":100,"ix":11},"r":{"a":1,"k":[{"i":{"x":[0.833],"y":[1]},"o":{"x":[0],"y":[0]},"n":["0p833_1_0_0"],"t":185,"s":[8],"e":[-7]},{"i":{"x":[0.833],"y":[1]},"o":{"x":[0.167],"y":[0]},"n":["0p833_1_0p167_0"],"t":192,"s":[-7],"e":[-24]},{"i":{"x":[0.833],"y":[1]},"o":{"x":[0.167],"y":[0]},"n":["0p833_1_0p167_0"],"t":197,"s":[-24],"e":[-7]},{"i":{"x":[0.833],"y":[1]},"o":{"x":[0.167],"y":[0]},"n":["0p833_1_0p167_0"],"t":204,"s":[-7],"e":[8]},{"t":210}],"ix":10},"p":{"a":1,"k":[{"i":{"x":0.85,"y":1},"o":{"x":0,"y":0},"n":"0p85_1_0_0","t":184,"s":[1046,118,0],"e":[648,180,0],"to":[-66.3333358764648,10.3333330154419,0],"ti":[94.1222763061523,-115.639755249023,0]},{"i":{"x":0.85,"y":1},"o":{"x":0,"y":0},"n":"0p85_1_0_0","t":201,"s":[648,180,0],"e":[260,250,0],"to":[-77.0546875,94.6703033447266,0],"ti":[1.66666662693024,0,0]},{"i":{"x":0.85,"y":1},"o":{"x":0,"y":0},"n":"0p85_1_0_0","t":213,"s":[260,250,0],"e":[-112,180,0],"to":[-1.66666662693024,0,0],"ti":[3.66666674613953,0,0]},{"t":231}],"ix":2},"a":{"a":0,"k":[105.5,56,0],"ix":1},"s":{"a":0,"k":[100,100,100],"ix":6}},"ao":0,"shapes":[{"ty":"gr","it":[{"ind":0,"ty":"sh","ix":1,"ks":{"a":0,"k":{"i":[[-3.688,5.007],[5.007,3.689],[3.689,-5.007],[-5.007,-3.688]],"o":[[3.689,-5.007],[-5.007,-3.689],[-3.689,5.007],[5.007,3.689]],"v":[[9.066,6.68],[6.679,-9.066],[-9.066,-6.679],[-6.679,9.066]],"c":true},"ix":2},"nm":"Path 1","mn":"ADBE Vector Shape - Group","hd":false},{"ty":"fl","c":{"a":0,"k":[0.827000038297,0.957000014361,0.944999964097,1],"ix":4},"o":{"a":0,"k":100,"ix":5},"r":1,"nm":"Fill 1","mn":"ADBE Vector Graphic - Fill","hd":false},{"ty":"tr","p":{"a":0,"k":[35.981,56.395],"ix":2},"a":{"a":0,"k":[0,0],"ix":1},"s":{"a":0,"k":[100,100],"ix":3},"r":{"a":0,"k":0,"ix":6},"o":{"a":0,"k":100,"ix":7},"sk":{"a":0,"k":0,"ix":4},"sa":{"a":0,"k":0,"ix":5},"nm":"Transform"}],"nm":"Group 1","np":2,"cix":2,"ix":1,"mn":"ADBE Vector Group","hd":false},{"ty":"gr","it":[{"ind":0,"ty":"sh","ix":1,"ks":{"a":0,"k":{"i":[[-0.422,0.394],[4.882,-1.933],[-0.407,-5.177],[-4.917,-1.104],[-2.09,3.726],[1.616,1.294],[2.101,1.973],[-1.758,1.983],[-3.044,-2.412],[-1.185,1.061]],"o":[[-3.369,-4.277],[-4.761,1.886],[0.393,5.001],[4.63,1.039],[-1.619,-1.298],[-2.626,2.521],[-1.939,-1.821],[1.923,-2.17],[1.176,-1.047],[0.381,-0.34]],"v":[[9.885,-15.479],[-3.716,-19.268],[-11.075,-7.33],[-1.931,3.181],[10.084,-1.568],[5.216,-5.468],[-2.094,-4.672],[-2.422,-11.565],[5.164,-11.226],[8.715,-14.39]],"c":true},"ix":2},"nm":"Path 1","mn":"ADBE Vector Shape - Group","hd":false},{"ind":1,"ty":"sh","ix":2,"ks":{"a":0,"k":{"i":[[1.991,1.377],[6.788,0.296],[3.55,5.688],[2.02,-1.464],[-10.112,0.53],[-4.929,6.785]],"o":[[-4.097,5.472],[-6.78,-0.296],[-2.016,1.459],[5.729,8.45],[8.279,-0.434],[-2.046,-1.415]],"v":[[15.552,4.236],[-0.624,12.302],[-15.917,2.899],[-21.865,7.208],[1.754,19.45],[21.465,8.325]],"c":true},"ix":2},"nm":"Path 2","mn":"ADBE Vector Shape - Group","hd":false},{"ind":2,"ty":"sh","ix":3,"ks":{"a":0,"k":{"i":[[-4.19,-0.926],[-0.64,-0.176],[-1.471,-12.402],[16.273,-2.733],[2.874,16.203],[0.012,0.059],[0.016,1.495],[0,0],[-0.143,0.933],[0,0],[-12.765,3.053]],"o":[[0.649,0.144],[12.074,3.334],[1.945,16.391],[-16.177,2.716],[-0.011,-0.06],[-0.309,-1.463],[0,0],[-0.01,-0.943],[0,0],[1.964,-13.096],[4.172,-1.002]],"v":[[5.938,-30.117],[7.872,-29.644],[30.188,-3.691],[4.711,30.315],[-30.18,5.606],[-30.215,5.428],[-30.706,0.981],[-30.723,-0.58],[-30.481,-3.991],[-30.479,-3.999],[-6.771,-29.996]],"c":true},"ix":2},"nm":"Path 3","mn":"ADBE Vector Shape - Group","hd":false},{"ty":"mm","mm":1,"nm":"Merge Paths 1","mn":"ADBE Vector Filter - Merge","hd":false},{"ty":"fl","c":{"a":0,"k":[0.13300000359,0.776000019148,0.834999952129,1],"ix":4},"o":{"a":0,"k":100,"ix":5},"r":1,"nm":"Fill 1","mn":"ADBE Vector Graphic - Fill","hd":false},{"ty":"tr","p":{"a":0,"k":[106.838,56.155],"ix":2},"a":{"a":0,"k":[0,0],"ix":1},"s":{"a":0,"k":[100,100],"ix":3},"r":{"a":0,"k":0,"ix":6},"o":{"a":0,"k":100,"ix":7},"sk":{"a":0,"k":0,"ix":4},"sa":{"a":0,"k":0,"ix":5},"nm":"Transform"}],"nm":"Group 2","np":7,"cix":2,"ix":2,"mn":"ADBE Vector Group","hd":false},{"ty":"gr","it":[{"ind":0,"ty":"sh","ix":1,"ks":{"a":0,"k":{"i":[[0,0],[17.657,2.084],[0,0],[-2.504,-18.205],[0,0],[-3.48,25.423],[0,0]],"o":[[0,0],[0,0],[0,0],[0,0],[0,0],[3.481,-25.423],[0,0]],"v":[[-23.421,-43.042],[-38.174,-21.229],[-36.099,27.475],[-18.286,43.042],[38.009,39.88],[11.534,-4.132],[38.174,-42.548]],"c":true},"ix":2},"nm":"Path 1","mn":"ADBE Vector Shape - Group","hd":false},{"ty":"fl","c":{"a":0,"k":[0.176000004189,0.882000014361,0.913999968884,1],"ix":4},"o":{"a":0,"k":100,"ix":5},"r":1,"nm":"Fill 1","mn":"ADBE Vector Graphic - Fill","hd":false},{"ty":"tr","p":{"a":0,"k":[52.439,57.186],"ix":2},"a":{"a":0,"k":[0,0],"ix":1},"s":{"a":0,"k":[100,100],"ix":3},"r":{"a":0,"k":0,"ix":6},"o":{"a":0,"k":100,"ix":7},"sk":{"a":0,"k":0,"ix":4},"sa":{"a":0,"k":0,"ix":5},"nm":"Transform"}],"nm":"Group 3","np":2,"cix":2,"ix":3,"mn":"ADBE Vector Group","hd":false},{"ty":"gr","it":[{"ind":0,"ty":"sh","ix":1,"ks":{"a":0,"k":{"i":[[5.461,2.976],[-2.976,5.462],[-5.461,-2.976],[2.976,-5.462]],"o":[[-5.461,-2.975],[2.976,-5.461],[5.461,2.975],[-2.975,5.461]],"v":[[-5.387,9.888],[-9.889,-5.388],[5.387,-9.888],[9.888,5.388]],"c":true},"ix":2},"nm":"Path 1","mn":"ADBE Vector Shape - Group","hd":false},{"ty":"fl","c":{"a":0,"k":[0.827000038297,0.957000014361,0.944999964097,1],"ix":4},"o":{"a":0,"k":100,"ix":5},"r":1,"nm":"Fill 1","mn":"ADBE Vector Graphic - Fill","hd":false},{"ty":"tr","p":{"a":0,"k":[170.88,57.879],"ix":2},"a":{"a":0,"k":[0,0],"ix":1},"s":{"a":0,"k":[100,100],"ix":3},"r":{"a":0,"k":0,"ix":6},"o":{"a":0,"k":100,"ix":7},"sk":{"a":0,"k":0,"ix":4},"sa":{"a":0,"k":0,"ix":5},"nm":"Transform"}],"nm":"Group 4","np":2,"cix":2,"ix":4,"mn":"ADBE Vector Group","hd":false},{"ty":"gr","it":[{"ind":0,"ty":"sh","ix":1,"ks":{"a":0,"k":{"i":[[0,0],[-17.554,2.835],[0,0],[1.725,-18.296],[0,0],[4.562,25.251],[0,0]],"o":[[0,0],[0,0],[0,0],[0,0],[0,0],[-4.561,-25.251],[0,0]],"v":[[22.922,-43.113],[38.592,-21.947],[38.596,26.799],[21.465,43.113],[-34.914,42.354],[-10.341,-2.747],[-38.596,-39.99]],"c":true},"ix":2},"nm":"Path 1","mn":"ADBE Vector Shape - Group","hd":false},{"ty":"fl","c":{"a":0,"k":[0.176000004189,0.882000014361,0.913999968884,1],"ix":4},"o":{"a":0,"k":100,"ix":5},"r":1,"nm":"Fill 1","mn":"ADBE Vector Graphic - Fill","hd":false},{"ty":"tr","p":{"a":0,"k":[158.729,55.848],"ix":2},"a":{"a":0,"k":[0,0],"ix":1},"s":{"a":0,"k":[100,100],"ix":3},"r":{"a":0,"k":0,"ix":6},"o":{"a":0,"k":100,"ix":7},"sk":{"a":0,"k":0,"ix":4},"sa":{"a":0,"k":0,"ix":5},"nm":"Transform"}],"nm":"Group 5","np":2,"cix":2,"ix":5,"mn":"ADBE Vector Group","hd":false},{"ty":"gr","it":[{"ind":0,"ty":"sh","ix":1,"ks":{"a":0,"k":{"i":[[0,0],[0,0],[0,0],[0,0]],"o":[[0,0],[0,0],[0,0],[0,0]],"v":[[104.258,-52.775],[100.602,54.688],[-98.352,54.195],[-104.258,-54.688]],"c":true},"ix":2},"nm":"Path 1","mn":"ADBE Vector Shape - Group","hd":false},{"ty":"st","c":{"a":0,"k":[0.270999983245,0.352999997606,0.670999983245,1],"ix":3},"o":{"a":0,"k":100,"ix":4},"w":{"a":0,"k":2,"ix":5},"lc":2,"lj":2,"nm":"Stroke 1","mn":"ADBE Vector Graphic - Stroke","hd":false},{"ty":"tr","p":{"a":0,"k":[105.257,55.688],"ix":2},"a":{"a":0,"k":[0,0],"ix":1},"s":{"a":0,"k":[100,100],"ix":3},"r":{"a":0,"k":0,"ix":6},"o":{"a":0,"k":100,"ix":7},"sk":{"a":0,"k":0,"ix":4},"sa":{"a":0,"k":0,"ix":5},"nm":"Transform"}],"nm":"Group 6","np":2,"cix":2,"ix":6,"mn":"ADBE Vector Group","hd":false},{"ty":"gr","it":[{"ind":0,"ty":"sh","ix":1,"ks":{"a":0,"k":{"i":[[0,0],[0,0],[0,0],[0,0]],"o":[[0,0],[0,0],[0,0],[0,0]],"v":[[-98.351,54.194],[100.602,54.688],[104.258,-52.775],[-104.257,-54.688]],"c":true},"ix":2},"nm":"Path 1","mn":"ADBE Vector Shape - Group","hd":false},{"ty":"fl","c":{"a":0,"k":[0.827000038297,0.957000014361,0.944999964097,1],"ix":4},"o":{"a":0,"k":100,"ix":5},"r":1,"nm":"Fill 1","mn":"ADBE Vector Graphic - Fill","hd":false},{"ty":"tr","p":{"a":0,"k":[105.257,55.688],"ix":2},"a":{"a":0,"k":[0,0],"ix":1},"s":{"a":0,"k":[100,100],"ix":3},"r":{"a":0,"k":0,"ix":6},"o":{"a":0,"k":100,"ix":7},"sk":{"a":0,"k":0,"ix":4},"sa":{"a":0,"k":0,"ix":5},"nm":"Transform"}],"nm":"Group 7","np":2,"cix":2,"ix":7,"mn":"ADBE Vector Group","hd":false}],"ip":0,"op":2610,"st":0,"bm":0},{"ddd":0,"ind":2,"ty":4,"nm":"dollar 3 Outlines","sr":1,"ks":{"o":{"a":0,"k":100,"ix":11},"r":{"a":1,"k":[{"i":{"x":[0.85],"y":[1]},"o":{"x":[0],"y":[0]},"n":["0p85_1_0_0"],"t":170,"s":[-10],"e":[2]},{"i":{"x":[0.85],"y":[1]},"o":{"x":[0],"y":[0]},"n":["0p85_1_0_0"],"t":181,"s":[2],"e":[12]},{"i":{"x":[0.85],"y":[1]},"o":{"x":[0],"y":[0]},"n":["0p85_1_0_0"],"t":185,"s":[12],"e":[2]},{"i":{"x":[0.85],"y":[1]},"o":{"x":[0],"y":[0]},"n":["0p85_1_0_0"],"t":193,"s":[2],"e":[-11]},{"t":199}],"ix":10},"p":{"a":1,"k":[{"i":{"x":0.85,"y":1},"o":{"x":0,"y":0},"n":"0p85_1_0_0","t":169,"s":[1016,224,0],"e":[612,286,0],"to":[-67.3333358764648,10.3333330154419,0],"ti":[132.155700683594,69.0393218994141,0]},{"i":{"x":0.85,"y":1},"o":{"x":0,"y":0},"n":"0p85_1_0_0","t":186,"s":[612,286,0],"e":[282,216,0],"to":[-125.0546875,-65.3296966552734,0],"ti":[1.66666662693024,0,0]},{"i":{"x":0.85,"y":1},"o":{"x":0,"y":0},"n":"0p85_1_0_0","t":198,"s":[282,216,0],"e":[-112,286,0],"to":[-1.66666662693024,0,0],"ti":[3.66666674613953,0,0]},{"t":216}],"ix":2},"a":{"a":0,"k":[105.5,56,0],"ix":1},"s":{"a":0,"k":[100,100,100],"ix":6}},"ao":0,"shapes":[{"ty":"gr","it":[{"ind":0,"ty":"sh","ix":1,"ks":{"a":0,"k":{"i":[[-3.688,5.007],[5.007,3.689],[3.689,-5.007],[-5.007,-3.688]],"o":[[3.689,-5.007],[-5.007,-3.689],[-3.689,5.007],[5.007,3.689]],"v":[[9.066,6.68],[6.679,-9.066],[-9.066,-6.679],[-6.679,9.066]],"c":true},"ix":2},"nm":"Path 1","mn":"ADBE Vector Shape - Group","hd":false},{"ty":"fl","c":{"a":0,"k":[0.827000038297,0.957000014361,0.944999964097,1],"ix":4},"o":{"a":0,"k":100,"ix":5},"r":1,"nm":"Fill 1","mn":"ADBE Vector Graphic - Fill","hd":false},{"ty":"tr","p":{"a":0,"k":[35.981,56.395],"ix":2},"a":{"a":0,"k":[0,0],"ix":1},"s":{"a":0,"k":[100,100],"ix":3},"r":{"a":0,"k":0,"ix":6},"o":{"a":0,"k":100,"ix":7},"sk":{"a":0,"k":0,"ix":4},"sa":{"a":0,"k":0,"ix":5},"nm":"Transform"}],"nm":"Group 1","np":2,"cix":2,"ix":1,"mn":"ADBE Vector Group","hd":false},{"ty":"gr","it":[{"ind":0,"ty":"sh","ix":1,"ks":{"a":0,"k":{"i":[[-0.422,0.394],[4.882,-1.933],[-0.407,-5.177],[-4.917,-1.104],[-2.09,3.726],[1.616,1.294],[2.101,1.973],[-1.758,1.983],[-3.044,-2.412],[-1.185,1.061]],"o":[[-3.369,-4.277],[-4.761,1.886],[0.393,5.001],[4.63,1.039],[-1.619,-1.298],[-2.626,2.521],[-1.939,-1.821],[1.923,-2.17],[1.176,-1.047],[0.381,-0.34]],"v":[[9.885,-15.479],[-3.716,-19.268],[-11.075,-7.33],[-1.931,3.181],[10.084,-1.568],[5.216,-5.468],[-2.094,-4.672],[-2.422,-11.565],[5.164,-11.226],[8.715,-14.39]],"c":true},"ix":2},"nm":"Path 1","mn":"ADBE Vector Shape - Group","hd":false},{"ind":1,"ty":"sh","ix":2,"ks":{"a":0,"k":{"i":[[1.991,1.377],[6.788,0.296],[3.55,5.688],[2.02,-1.464],[-10.112,0.53],[-4.929,6.785]],"o":[[-4.097,5.472],[-6.78,-0.296],[-2.016,1.459],[5.729,8.45],[8.279,-0.434],[-2.046,-1.415]],"v":[[15.552,4.236],[-0.624,12.302],[-15.917,2.899],[-21.865,7.208],[1.754,19.45],[21.465,8.325]],"c":true},"ix":2},"nm":"Path 2","mn":"ADBE Vector Shape - Group","hd":false},{"ind":2,"ty":"sh","ix":3,"ks":{"a":0,"k":{"i":[[-4.19,-0.926],[-0.64,-0.176],[-1.471,-12.402],[16.273,-2.733],[2.874,16.203],[0.012,0.059],[0.016,1.495],[0,0],[-0.143,0.933],[0,0],[-12.765,3.053]],"o":[[0.649,0.144],[12.074,3.334],[1.945,16.391],[-16.177,2.716],[-0.011,-0.06],[-0.309,-1.463],[0,0],[-0.01,-0.943],[0,0],[1.964,-13.096],[4.172,-1.002]],"v":[[5.938,-30.117],[7.872,-29.644],[30.188,-3.691],[4.711,30.315],[-30.18,5.606],[-30.215,5.428],[-30.706,0.981],[-30.723,-0.58],[-30.481,-3.991],[-30.479,-3.999],[-6.771,-29.996]],"c":true},"ix":2},"nm":"Path 3","mn":"ADBE Vector Shape - Group","hd":false},{"ty":"mm","mm":1,"nm":"Merge Paths 1","mn":"ADBE Vector Filter - Merge","hd":false},{"ty":"fl","c":{"a":0,"k":[0.13300000359,0.776000019148,0.834999952129,1],"ix":4},"o":{"a":0,"k":100,"ix":5},"r":1,"nm":"Fill 1","mn":"ADBE Vector Graphic - Fill","hd":false},{"ty":"tr","p":{"a":0,"k":[106.838,56.155],"ix":2},"a":{"a":0,"k":[0,0],"ix":1},"s":{"a":0,"k":[100,100],"ix":3},"r":{"a":0,"k":0,"ix":6},"o":{"a":0,"k":100,"ix":7},"sk":{"a":0,"k":0,"ix":4},"sa":{"a":0,"k":0,"ix":5},"nm":"Transform"}],"nm":"Group 2","np":7,"cix":2,"ix":2,"mn":"ADBE Vector Group","hd":false},{"ty":"gr","it":[{"ind":0,"ty":"sh","ix":1,"ks":{"a":0,"k":{"i":[[0,0],[17.657,2.084],[0,0],[-2.504,-18.205],[0,0],[-3.48,25.423],[0,0]],"o":[[0,0],[0,0],[0,0],[0,0],[0,0],[3.481,-25.423],[0,0]],"v":[[-23.421,-43.042],[-38.174,-21.229],[-36.099,27.475],[-18.286,43.042],[38.009,39.88],[11.534,-4.132],[38.174,-42.548]],"c":true},"ix":2},"nm":"Path 1","mn":"ADBE Vector Shape - Group","hd":false},{"ty":"fl","c":{"a":0,"k":[0.176000004189,0.882000014361,0.913999968884,1],"ix":4},"o":{"a":0,"k":100,"ix":5},"r":1,"nm":"Fill 1","mn":"ADBE Vector Graphic - Fill","hd":false},{"ty":"tr","p":{"a":0,"k":[52.439,57.186],"ix":2},"a":{"a":0,"k":[0,0],"ix":1},"s":{"a":0,"k":[100,100],"ix":3},"r":{"a":0,"k":0,"ix":6},"o":{"a":0,"k":100,"ix":7},"sk":{"a":0,"k":0,"ix":4},"sa":{"a":0,"k":0,"ix":5},"nm":"Transform"}],"nm":"Group 3","np":2,"cix":2,"ix":3,"mn":"ADBE Vector Group","hd":false},{"ty":"gr","it":[{"ind":0,"ty":"sh","ix":1,"ks":{"a":0,"k":{"i":[[5.461,2.976],[-2.976,5.462],[-5.461,-2.976],[2.976,-5.462]],"o":[[-5.461,-2.975],[2.976,-5.461],[5.461,2.975],[-2.975,5.461]],"v":[[-5.387,9.888],[-9.889,-5.388],[5.387,-9.888],[9.888,5.388]],"c":true},"ix":2},"nm":"Path 1","mn":"ADBE Vector Shape - Group","hd":false},{"ty":"fl","c":{"a":0,"k":[0.827000038297,0.957000014361,0.944999964097,1],"ix":4},"o":{"a":0,"k":100,"ix":5},"r":1,"nm":"Fill 1","mn":"ADBE Vector Graphic - Fill","hd":false},{"ty":"tr","p":{"a":0,"k":[170.88,57.879],"ix":2},"a":{"a":0,"k":[0,0],"ix":1},"s":{"a":0,"k":[100,100],"ix":3},"r":{"a":0,"k":0,"ix":6},"o":{"a":0,"k":100,"ix":7},"sk":{"a":0,"k":0,"ix":4},"sa":{"a":0,"k":0,"ix":5},"nm":"Transform"}],"nm":"Group 4","np":2,"cix":2,"ix":4,"mn":"ADBE Vector Group","hd":false},{"ty":"gr","it":[{"ind":0,"ty":"sh","ix":1,"ks":{"a":0,"k":{"i":[[0,0],[-17.554,2.835],[0,0],[1.725,-18.296],[0,0],[4.562,25.251],[0,0]],"o":[[0,0],[0,0],[0,0],[0,0],[0,0],[-4.561,-25.251],[0,0]],"v":[[22.922,-43.113],[38.592,-21.947],[38.596,26.799],[21.465,43.113],[-34.914,42.354],[-10.341,-2.747],[-38.596,-39.99]],"c":true},"ix":2},"nm":"Path 1","mn":"ADBE Vector Shape - Group","hd":false},{"ty":"fl","c":{"a":0,"k":[0.176000004189,0.882000014361,0.913999968884,1],"ix":4},"o":{"a":0,"k":100,"ix":5},"r":1,"nm":"Fill 1","mn":"ADBE Vector Graphic - Fill","hd":false},{"ty":"tr","p":{"a":0,"k":[158.729,55.848],"ix":2},"a":{"a":0,"k":[0,0],"ix":1},"s":{"a":0,"k":[100,100],"ix":3},"r":{"a":0,"k":0,"ix":6},"o":{"a":0,"k":100,"ix":7},"sk":{"a":0,"k":0,"ix":4},"sa":{"a":0,"k":0,"ix":5},"nm":"Transform"}],"nm":"Group 5","np":2,"cix":2,"ix":5,"mn":"ADBE Vector Group","hd":false},{"ty":"gr","it":[{"ind":0,"ty":"sh","ix":1,"ks":{"a":0,"k":{"i":[[0,0],[0,0],[0,0],[0,0]],"o":[[0,0],[0,0],[0,0],[0,0]],"v":[[104.258,-52.775],[100.602,54.688],[-98.352,54.195],[-104.258,-54.688]],"c":true},"ix":2},"nm":"Path 1","mn":"ADBE Vector Shape - Group","hd":false},{"ty":"st","c":{"a":0,"k":[0.270999983245,0.352999997606,0.670999983245,1],"ix":3},"o":{"a":0,"k":100,"ix":4},"w":{"a":0,"k":2,"ix":5},"lc":2,"lj":2,"nm":"Stroke 1","mn":"ADBE Vector Graphic - Stroke","hd":false},{"ty":"tr","p":{"a":0,"k":[105.257,55.688],"ix":2},"a":{"a":0,"k":[0,0],"ix":1},"s":{"a":0,"k":[100,100],"ix":3},"r":{"a":0,"k":0,"ix":6},"o":{"a":0,"k":100,"ix":7},"sk":{"a":0,"k":0,"ix":4},"sa":{"a":0,"k":0,"ix":5},"nm":"Transform"}],"nm":"Group 6","np":2,"cix":2,"ix":6,"mn":"ADBE Vector Group","hd":false},{"ty":"gr","it":[{"ind":0,"ty":"sh","ix":1,"ks":{"a":0,"k":{"i":[[0,0],[0,0],[0,0],[0,0]],"o":[[0,0],[0,0],[0,0],[0,0]],"v":[[-98.351,54.194],[100.602,54.688],[104.258,-52.775],[-104.257,-54.688]],"c":true},"ix":2},"nm":"Path 1","mn":"ADBE Vector Shape - Group","hd":false},{"ty":"fl","c":{"a":0,"k":[0.827000038297,0.957000014361,0.944999964097,1],"ix":4},"o":{"a":0,"k":100,"ix":5},"r":1,"nm":"Fill 1","mn":"ADBE Vector Graphic - Fill","hd":false},{"ty":"tr","p":{"a":0,"k":[105.257,55.688],"ix":2},"a":{"a":0,"k":[0,0],"ix":1},"s":{"a":0,"k":[100,100],"ix":3},"r":{"a":0,"k":0,"ix":6},"o":{"a":0,"k":100,"ix":7},"sk":{"a":0,"k":0,"ix":4},"sa":{"a":0,"k":0,"ix":5},"nm":"Transform"}],"nm":"Group 7","np":2,"cix":2,"ix":7,"mn":"ADBE Vector Group","hd":false}],"ip":0,"op":2610,"st":0,"bm":0},{"ddd":0,"ind":3,"ty":4,"nm":"dollar 5 Outlines","sr":1,"ks":{"o":{"a":0,"k":100,"ix":11},"r":{"a":1,"k":[{"i":{"x":[0.565],"y":[0.837]},"o":{"x":[0.178],"y":[0]},"n":["0p565_0p837_0p178_0"],"t":189,"s":[-4],"e":[5.921]},{"i":{"x":[0.856],"y":[1]},"o":{"x":[0.393],"y":[-3.805]},"n":["0p856_1_0p393_-3p805"],"t":194,"s":[5.921],"e":[5]},{"i":{"x":[0.85],"y":[1]},"o":{"x":[0],"y":[0]},"n":["0p85_1_0_0"],"t":206,"s":[5],"e":[20]},{"i":{"x":[0.85],"y":[1]},"o":{"x":[0],"y":[0]},"n":["0p85_1_0_0"],"t":208,"s":[20],"e":[-1]},{"i":{"x":[0.85],"y":[1]},"o":{"x":[0],"y":[0]},"n":["0p85_1_0_0"],"t":216,"s":[-1],"e":[-19]},{"i":{"x":[0.85],"y":[1]},"o":{"x":[0],"y":[0]},"n":["0p85_1_0_0"],"t":220,"s":[-19],"e":[-3]},{"i":{"x":[0.85],"y":[1]},"o":{"x":[0],"y":[0]},"n":["0p85_1_0_0"],"t":236,"s":[-3],"e":[6]},{"t":242}],"ix":10},"p":{"a":1,"k":[{"i":{"x":0.833,"y":1},"o":{"x":0,"y":0},"n":"0p833_1_0_0","t":181,"s":[1008,280,0],"e":[988,280,0],"to":[-3.33333325386047,0,0],"ti":[79.3333358764648,11,0]},{"i":{"x":0.85,"y":1},"o":{"x":0,"y":0},"n":"0p85_1_0_0","t":189,"s":[988,280,0],"e":[532,214,0],"to":[-79.3333358764648,-11,0],"ti":[85.5633010864258,47.3608283996582,0]},{"i":{"x":0.85,"y":1},"o":{"x":0,"y":0},"n":"0p85_1_0_0","t":209,"s":[532,214,0],"e":[150,218,0],"to":[-234.077651977539,-129.566192626953,0],"ti":[0,0,0]},{"i":{"x":0.85,"y":1},"o":{"x":0,"y":0},"n":"0p85_1_0_0","t":236,"s":[150,218,0],"e":[-172,188,0],"to":[0,0,0],"ti":[0,0,0]},{"t":256}],"ix":2},"a":{"a":0,"k":[101.5,55.5,0],"ix":1},"s":{"a":0,"k":[100,100,100],"ix":6}},"ao":0,"shapes":[{"ty":"gr","it":[{"ind":0,"ty":"sh","ix":1,"ks":{"a":0,"k":{"i":[[-0.427,0.385],[4.892,-1.847],[-0.322,-5.162],[-4.88,-1.179],[-2.143,3.679],[1.589,1.314],[2.061,1.999],[-1.783,1.947],[-2.992,-2.451],[-1.197,1.039]],"o":[[-3.286,-4.314],[-4.772,1.801],[0.312,4.988],[4.593,1.109],[-1.593,-1.317],[-2.655,2.468],[-1.902,-1.844],[1.951,-2.131],[1.188,-1.023],[0.384,-0.333]],"v":[[9.497,-16.156],[-3.987,-20.148],[-11.508,-8.379],[-2.57,2.238],[9.472,-2.301],[4.685,-6.26],[-2.607,-5.587],[-2.823,-12.456],[4.726,-11.997],[8.314,-15.09]],"c":true},"ix":2},"nm":"Path 1","mn":"ADBE Vector Shape - Group","hd":false},{"ind":1,"ty":"sh","ix":2,"ks":{"a":0,"k":{"i":[[1.96,1.403],[6.756,0.404],[3.444,5.722],[2.035,-1.425],[-10.078,0.366],[-5.018,6.676]],"o":[[-4.168,5.383],[-6.747,-0.403],[-2.03,1.422],[5.569,8.508],[8.252,-0.3],[-2.015,-1.443]],"v":[[14.823,3.57],[-1.416,11.342],[-16.495,1.73],[-22.487,5.926],[0.837,18.499],[20.646,7.738]],"c":true},"ix":2},"nm":"Path 2","mn":"ADBE Vector Shape - Group","hd":false},{"ind":2,"ty":"sh","ix":3,"ks":{"a":0,"k":{"i":[[-4.158,-0.99],[-0.634,-0.185],[-1.266,-12.374],[16.25,-2.459],[2.601,16.182],[0.011,0.058],[-0.008,1.49],[0,0],[-0.157,0.927],[0,0],[-12.761,2.834]],"o":[[0.643,0.154],[11.971,3.515],[1.673,16.355],[-16.153,2.446],[-0.009,-0.06],[-0.285,-1.462],[0,0],[0.006,-0.941],[0,0],[2.166,-13.011],[4.171,-0.93]],"v":[[5.802,-30.798],[7.72,-30.296],[29.527,-4.09],[3.607,29.366],[-30.743,4.197],[-30.774,4.021],[-31.192,-0.417],[-31.184,-1.971],[-30.888,-5.365],[-30.886,-5.372],[-6.857,-30.882]],"c":true},"ix":2},"nm":"Path 3","mn":"ADBE Vector Shape - Group","hd":false},{"ty":"mm","mm":1,"nm":"Merge Paths 1","mn":"ADBE Vector Filter - Merge","hd":false},{"ty":"fl","c":{"a":0,"k":[0.176000004189,0.882000014361,0.913999968884,1],"ix":4},"o":{"a":0,"k":100,"ix":5},"r":1,"nm":"Fill 2","mn":"ADBE Vector Graphic - Fill","hd":false},{"ty":"fl","c":{"a":0,"k":[0.176000004189,0.882000014361,0.913999968884,1],"ix":4},"o":{"a":0,"k":100,"ix":5},"r":1,"nm":"Fill 1","mn":"ADBE Vector Graphic - Fill","hd":false},{"ty":"tr","p":{"a":0,"k":[101.042,58.651],"ix":2},"a":{"a":0,"k":[0,0],"ix":1},"s":{"a":0,"k":[100,100],"ix":3},"r":{"a":0,"k":0,"ix":6},"o":{"a":0,"k":100,"ix":7},"sk":{"a":0,"k":0,"ix":4},"sa":{"a":0,"k":0,"ix":5},"nm":"Transform"}],"nm":"Group 1","np":6,"cix":2,"ix":1,"mn":"ADBE Vector Group","hd":false},{"ty":"gr","it":[{"ind":0,"ty":"sh","ix":1,"ks":{"a":0,"k":{"i":[[-5.268,3.162],[3.162,5.267],[5.266,-3.162],[-3.162,-5.267]],"o":[[5.268,-3.162],[-3.163,-5.267],[-5.268,3.161],[3.161,5.268]],"v":[[5.725,9.536],[9.537,-5.725],[-5.725,-9.536],[-9.537,5.725]],"c":true},"ix":2},"nm":"Path 1","mn":"ADBE Vector Shape - Group","hd":false},{"ty":"fl","c":{"a":0,"k":[0.827000038297,0.957000014361,0.944999964097,1],"ix":4},"o":{"a":0,"k":100,"ix":5},"r":1,"nm":"Fill 1","mn":"ADBE Vector Graphic - Fill","hd":false},{"ty":"tr","p":{"a":0,"k":[36.063,58.066],"ix":2},"a":{"a":0,"k":[0,0],"ix":1},"s":{"a":0,"k":[100,100],"ix":3},"r":{"a":0,"k":0,"ix":6},"o":{"a":0,"k":100,"ix":7},"sk":{"a":0,"k":0,"ix":4},"sa":{"a":0,"k":0,"ix":5},"nm":"Transform"}],"nm":"Group 2","np":2,"cix":2,"ix":2,"mn":"ADBE Vector Group","hd":false},{"ty":"gr","it":[{"ind":0,"ty":"sh","ix":1,"ks":{"a":0,"k":{"i":[[0,0],[17.333,2.84],[0,0],[-1.662,-18.077],[0,0],[-4.564,24.933],[0,0]],"o":[[0,0],[0,0],[0,0],[0,0],[0,0],[4.562,-24.932],[0,0]],"v":[[-22.559,-42.588],[-38.087,-21.717],[-38.201,26.434],[-21.313,42.588],[34.378,41.965],[10.208,-2.641],[38.201,-42.417]],"c":true},"ix":2},"nm":"Path 1","mn":"ADBE Vector Shape - Group","hd":false},{"ty":"fl","c":{"a":0,"k":[0.13300000359,0.776000019148,0.834999952129,1],"ix":4},"o":{"a":0,"k":100,"ix":5},"r":1,"nm":"Fill 1","mn":"ADBE Vector Graphic - Fill","hd":false},{"ty":"tr","p":{"a":0,"k":[48.014,55.338],"ix":2},"a":{"a":0,"k":[0,0],"ix":1},"s":{"a":0,"k":[100,100],"ix":3},"r":{"a":0,"k":0,"ix":6},"o":{"a":0,"k":100,"ix":7},"sk":{"a":0,"k":0,"ix":4},"sa":{"a":0,"k":0,"ix":5},"nm":"Transform"}],"nm":"Group 3","np":2,"cix":2,"ix":3,"mn":"ADBE Vector Group","hd":false},{"ty":"gr","it":[{"ind":0,"ty":"sh","ix":1,"ks":{"a":0,"k":{"i":[[5.392,2.944],[-2.944,5.392],[-5.391,-2.945],[2.944,-5.392]],"o":[[-5.392,-2.944],[2.944,-5.391],[5.393,2.943],[-2.945,5.392]],"v":[[-5.331,9.763],[-9.763,-5.331],[5.33,-9.762],[9.763,5.331]],"c":true},"ix":2},"nm":"Path 1","mn":"ADBE Vector Shape - Group","hd":false},{"ty":"fl","c":{"a":0,"k":[0.827000038297,0.957000014361,0.944999964097,1],"ix":4},"o":{"a":0,"k":100,"ix":5},"r":1,"nm":"Fill 1","mn":"ADBE Vector Graphic - Fill","hd":false},{"ty":"tr","p":{"a":0,"k":[163.663,57.285],"ix":2},"a":{"a":0,"k":[0,0],"ix":1},"s":{"a":0,"k":[100,100],"ix":3},"r":{"a":0,"k":0,"ix":6},"o":{"a":0,"k":100,"ix":7},"sk":{"a":0,"k":0,"ix":4},"sa":{"a":0,"k":0,"ix":5},"nm":"Transform"}],"nm":"Group 4","np":2,"cix":2,"ix":4,"mn":"ADBE Vector Group","hd":false},{"ty":"gr","it":[{"ind":0,"ty":"sh","ix":1,"ks":{"a":0,"k":{"i":[[0,0],[-17.363,2.643],[0,0],[1.867,-18.056],[0,0],[4.28,24.983],[0,0]],"o":[[0,0],[0,0],[0,0],[0,0],[0,0],[-4.28,-24.983],[0,0]],"v":[[22.752,-42.578],[38.041,-21.532],[37.609,26.618],[20.541,42.578],[-35.14,41.325],[-10.465,-3.003],[-38.041,-42.578]],"c":true},"ix":2},"nm":"Path 1","mn":"ADBE Vector Shape - Group","hd":false},{"ty":"fl","c":{"a":0,"k":[0.13300000359,0.776000019148,0.834999952129,1],"ix":4},"o":{"a":0,"k":100,"ix":5},"r":1,"nm":"Fill 1","mn":"ADBE Vector Graphic - Fill","hd":false},{"ty":"tr","p":{"a":0,"k":[151.943,55.499],"ix":2},"a":{"a":0,"k":[0,0],"ix":1},"s":{"a":0,"k":[100,100],"ix":3},"r":{"a":0,"k":0,"ix":6},"o":{"a":0,"k":100,"ix":7},"sk":{"a":0,"k":0,"ix":4},"sa":{"a":0,"k":0,"ix":5},"nm":"Transform"}],"nm":"Group 5","np":2,"cix":2,"ix":5,"mn":"ADBE Vector Group","hd":false},{"ty":"gr","it":[{"ind":0,"ty":"sh","ix":1,"ks":{"a":0,"k":{"i":[[0,0],[0,0],[0,0],[0,0]],"o":[[0,0],[0,0],[0,0],[0,0]],"v":[[100.438,-52.062],[96.73,54.086],[-99.794,53.421],[-100.438,-54.086]],"c":true},"ix":2},"nm":"Path 1","mn":"ADBE Vector Shape - Group","hd":false},{"ty":"st","c":{"a":0,"k":[0.270999983245,0.352999997606,0.670999983245,1],"ix":3},"o":{"a":0,"k":100,"ix":4},"w":{"a":0,"k":2,"ix":5},"lc":2,"lj":2,"nm":"Stroke 1","mn":"ADBE Vector Graphic - Stroke","hd":false},{"ty":"fl","c":{"a":0,"k":[0.827000038297,0.957000014361,0.944999964097,1],"ix":4},"o":{"a":0,"k":100,"ix":5},"r":1,"nm":"Fill 1","mn":"ADBE Vector Graphic - Fill","hd":false},{"ty":"tr","p":{"a":0,"k":[101.438,55.086],"ix":2},"a":{"a":0,"k":[0,0],"ix":1},"s":{"a":0,"k":[100,100],"ix":3},"r":{"a":0,"k":0,"ix":6},"o":{"a":0,"k":100,"ix":7},"sk":{"a":0,"k":0,"ix":4},"sa":{"a":0,"k":0,"ix":5},"nm":"Transform"}],"nm":"Group 6","np":3,"cix":2,"ix":6,"mn":"ADBE Vector Group","hd":false}],"ip":0,"op":2610,"st":0,"bm":0},{"ddd":0,"ind":4,"ty":4,"nm":"dollar 2 Outlines","sr":1,"ks":{"o":{"a":0,"k":100,"ix":11},"r":{"a":1,"k":[{"i":{"x":[0.9],"y":[1]},"o":{"x":[0.1],"y":[0]},"n":["0p9_1_0p1_0"],"t":180,"s":[19],"e":[4]},{"i":{"x":[0.9],"y":[1]},"o":{"x":[0.1],"y":[0]},"n":["0p9_1_0p1_0"],"t":187,"s":[4],"e":[-12]},{"i":{"x":[0.9],"y":[1]},"o":{"x":[0.1],"y":[0]},"n":["0p9_1_0p1_0"],"t":192,"s":[-12],"e":[1]},{"i":{"x":[0.9],"y":[1]},"o":{"x":[0.1],"y":[0]},"n":["0p9_1_0p1_0"],"t":201,"s":[1],"e":[16]},{"i":{"x":[0.9],"y":[1]},"o":{"x":[0.1],"y":[0]},"n":["0p9_1_0p1_0"],"t":206,"s":[16],"e":[6]},{"t":211}],"ix":10},"p":{"a":1,"k":[{"i":{"x":0.833,"y":1},"o":{"x":0,"y":0},"n":"0p833_1_0_0","t":169,"s":[1014,184,0],"e":[994,184,0],"to":[-3.33333325386047,0,0],"ti":[79.3333358764648,11,0]},{"i":{"x":0.85,"y":1},"o":{"x":0,"y":0},"n":"0p85_1_0_0","t":177,"s":[994,184,0],"e":[538,118,0],"to":[-79.3333358764648,-11,0],"ti":[85.5633010864258,-60.6391716003418,0]},{"i":{"x":0.85,"y":1},"o":{"x":0,"y":0},"n":"0p85_1_0_0","t":194,"s":[538,118,0],"e":[156,122,0],"to":[-218.284072875977,154.699096679688,0],"ti":[0,0,0]},{"i":{"x":0.85,"y":1},"o":{"x":0,"y":0},"n":"0p85_1_0_0","t":211,"s":[156,122,0],"e":[-166,92,0],"to":[0,0,0],"ti":[0,0,0]},{"t":227}],"ix":2},"a":{"a":0,"k":[101.5,55.5,0],"ix":1},"s":{"a":0,"k":[100,100,100],"ix":6}},"ao":0,"shapes":[{"ty":"gr","it":[{"ind":0,"ty":"sh","ix":1,"ks":{"a":0,"k":{"i":[[-0.427,0.385],[4.892,-1.847],[-0.322,-5.162],[-4.88,-1.179],[-2.143,3.679],[1.589,1.314],[2.061,1.999],[-1.783,1.947],[-2.992,-2.451],[-1.197,1.039]],"o":[[-3.286,-4.314],[-4.772,1.801],[0.312,4.988],[4.593,1.109],[-1.593,-1.317],[-2.655,2.468],[-1.902,-1.844],[1.951,-2.131],[1.188,-1.023],[0.384,-0.333]],"v":[[9.497,-16.156],[-3.987,-20.148],[-11.508,-8.379],[-2.57,2.238],[9.472,-2.301],[4.685,-6.26],[-2.607,-5.587],[-2.823,-12.456],[4.726,-11.997],[8.314,-15.09]],"c":true},"ix":2},"nm":"Path 1","mn":"ADBE Vector Shape - Group","hd":false},{"ind":1,"ty":"sh","ix":2,"ks":{"a":0,"k":{"i":[[1.96,1.403],[6.756,0.404],[3.444,5.722],[2.035,-1.425],[-10.078,0.366],[-5.018,6.676]],"o":[[-4.168,5.383],[-6.747,-0.403],[-2.03,1.422],[5.569,8.508],[8.252,-0.3],[-2.015,-1.443]],"v":[[14.823,3.57],[-1.416,11.342],[-16.495,1.73],[-22.487,5.926],[0.837,18.499],[20.646,7.738]],"c":true},"ix":2},"nm":"Path 2","mn":"ADBE Vector Shape - Group","hd":false},{"ind":2,"ty":"sh","ix":3,"ks":{"a":0,"k":{"i":[[-4.158,-0.99],[-0.634,-0.185],[-1.266,-12.374],[16.25,-2.459],[2.601,16.182],[0.011,0.058],[-0.008,1.49],[0,0],[-0.157,0.927],[0,0],[-12.761,2.834]],"o":[[0.643,0.154],[11.971,3.515],[1.673,16.355],[-16.153,2.446],[-0.009,-0.06],[-0.285,-1.462],[0,0],[0.006,-0.941],[0,0],[2.166,-13.011],[4.171,-0.93]],"v":[[5.802,-30.798],[7.72,-30.296],[29.527,-4.09],[3.607,29.366],[-30.743,4.197],[-30.774,4.021],[-31.192,-0.417],[-31.184,-1.971],[-30.888,-5.365],[-30.886,-5.372],[-6.857,-30.882]],"c":true},"ix":2},"nm":"Path 3","mn":"ADBE Vector Shape - Group","hd":false},{"ty":"mm","mm":1,"nm":"Merge Paths 1","mn":"ADBE Vector Filter - Merge","hd":false},{"ty":"fl","c":{"a":0,"k":[0.176000004189,0.882000014361,0.913999968884,1],"ix":4},"o":{"a":0,"k":100,"ix":5},"r":1,"nm":"Fill 2","mn":"ADBE Vector Graphic - Fill","hd":false},{"ty":"fl","c":{"a":0,"k":[0.176000004189,0.882000014361,0.913999968884,1],"ix":4},"o":{"a":0,"k":100,"ix":5},"r":1,"nm":"Fill 1","mn":"ADBE Vector Graphic - Fill","hd":false},{"ty":"tr","p":{"a":0,"k":[101.042,58.651],"ix":2},"a":{"a":0,"k":[0,0],"ix":1},"s":{"a":0,"k":[100,100],"ix":3},"r":{"a":0,"k":0,"ix":6},"o":{"a":0,"k":100,"ix":7},"sk":{"a":0,"k":0,"ix":4},"sa":{"a":0,"k":0,"ix":5},"nm":"Transform"}],"nm":"Group 1","np":6,"cix":2,"ix":1,"mn":"ADBE Vector Group","hd":false},{"ty":"gr","it":[{"ind":0,"ty":"sh","ix":1,"ks":{"a":0,"k":{"i":[[-5.268,3.162],[3.162,5.267],[5.266,-3.162],[-3.162,-5.267]],"o":[[5.268,-3.162],[-3.163,-5.267],[-5.268,3.161],[3.161,5.268]],"v":[[5.725,9.536],[9.537,-5.725],[-5.725,-9.536],[-9.537,5.725]],"c":true},"ix":2},"nm":"Path 1","mn":"ADBE Vector Shape - Group","hd":false},{"ty":"fl","c":{"a":0,"k":[0.827000038297,0.957000014361,0.944999964097,1],"ix":4},"o":{"a":0,"k":100,"ix":5},"r":1,"nm":"Fill 1","mn":"ADBE Vector Graphic - Fill","hd":false},{"ty":"tr","p":{"a":0,"k":[36.063,58.066],"ix":2},"a":{"a":0,"k":[0,0],"ix":1},"s":{"a":0,"k":[100,100],"ix":3},"r":{"a":0,"k":0,"ix":6},"o":{"a":0,"k":100,"ix":7},"sk":{"a":0,"k":0,"ix":4},"sa":{"a":0,"k":0,"ix":5},"nm":"Transform"}],"nm":"Group 2","np":2,"cix":2,"ix":2,"mn":"ADBE Vector Group","hd":false},{"ty":"gr","it":[{"ind":0,"ty":"sh","ix":1,"ks":{"a":0,"k":{"i":[[0,0],[17.333,2.84],[0,0],[-1.662,-18.077],[0,0],[-4.564,24.933],[0,0]],"o":[[0,0],[0,0],[0,0],[0,0],[0,0],[4.562,-24.932],[0,0]],"v":[[-22.559,-42.588],[-38.087,-21.717],[-38.201,26.434],[-21.313,42.588],[34.378,41.965],[10.208,-2.641],[38.201,-42.417]],"c":true},"ix":2},"nm":"Path 1","mn":"ADBE Vector Shape - Group","hd":false},{"ty":"fl","c":{"a":0,"k":[0.13300000359,0.776000019148,0.834999952129,1],"ix":4},"o":{"a":0,"k":100,"ix":5},"r":1,"nm":"Fill 1","mn":"ADBE Vector Graphic - Fill","hd":false},{"ty":"tr","p":{"a":0,"k":[48.014,55.338],"ix":2},"a":{"a":0,"k":[0,0],"ix":1},"s":{"a":0,"k":[100,100],"ix":3},"r":{"a":0,"k":0,"ix":6},"o":{"a":0,"k":100,"ix":7},"sk":{"a":0,"k":0,"ix":4},"sa":{"a":0,"k":0,"ix":5},"nm":"Transform"}],"nm":"Group 3","np":2,"cix":2,"ix":3,"mn":"ADBE Vector Group","hd":false},{"ty":"gr","it":[{"ind":0,"ty":"sh","ix":1,"ks":{"a":0,"k":{"i":[[5.392,2.944],[-2.944,5.392],[-5.391,-2.945],[2.944,-5.392]],"o":[[-5.392,-2.944],[2.944,-5.391],[5.393,2.943],[-2.945,5.392]],"v":[[-5.331,9.763],[-9.763,-5.331],[5.33,-9.762],[9.763,5.331]],"c":true},"ix":2},"nm":"Path 1","mn":"ADBE Vector Shape - Group","hd":false},{"ty":"fl","c":{"a":0,"k":[0.827000038297,0.957000014361,0.944999964097,1],"ix":4},"o":{"a":0,"k":100,"ix":5},"r":1,"nm":"Fill 1","mn":"ADBE Vector Graphic - Fill","hd":false},{"ty":"tr","p":{"a":0,"k":[163.663,57.285],"ix":2},"a":{"a":0,"k":[0,0],"ix":1},"s":{"a":0,"k":[100,100],"ix":3},"r":{"a":0,"k":0,"ix":6},"o":{"a":0,"k":100,"ix":7},"sk":{"a":0,"k":0,"ix":4},"sa":{"a":0,"k":0,"ix":5},"nm":"Transform"}],"nm":"Group 4","np":2,"cix":2,"ix":4,"mn":"ADBE Vector Group","hd":false},{"ty":"gr","it":[{"ind":0,"ty":"sh","ix":1,"ks":{"a":0,"k":{"i":[[0,0],[-17.363,2.643],[0,0],[1.867,-18.056],[0,0],[4.28,24.983],[0,0]],"o":[[0,0],[0,0],[0,0],[0,0],[0,0],[-4.28,-24.983],[0,0]],"v":[[22.752,-42.578],[38.041,-21.532],[37.609,26.618],[20.541,42.578],[-35.14,41.325],[-10.465,-3.003],[-38.041,-42.578]],"c":true},"ix":2},"nm":"Path 1","mn":"ADBE Vector Shape - Group","hd":false},{"ty":"fl","c":{"a":0,"k":[0.13300000359,0.776000019148,0.834999952129,1],"ix":4},"o":{"a":0,"k":100,"ix":5},"r":1,"nm":"Fill 1","mn":"ADBE Vector Graphic - Fill","hd":false},{"ty":"tr","p":{"a":0,"k":[151.943,55.499],"ix":2},"a":{"a":0,"k":[0,0],"ix":1},"s":{"a":0,"k":[100,100],"ix":3},"r":{"a":0,"k":0,"ix":6},"o":{"a":0,"k":100,"ix":7},"sk":{"a":0,"k":0,"ix":4},"sa":{"a":0,"k":0,"ix":5},"nm":"Transform"}],"nm":"Group 5","np":2,"cix":2,"ix":5,"mn":"ADBE Vector Group","hd":false},{"ty":"gr","it":[{"ind":0,"ty":"sh","ix":1,"ks":{"a":0,"k":{"i":[[0,0],[0,0],[0,0],[0,0]],"o":[[0,0],[0,0],[0,0],[0,0]],"v":[[100.438,-52.062],[96.73,54.086],[-99.794,53.421],[-100.438,-54.086]],"c":true},"ix":2},"nm":"Path 1","mn":"ADBE Vector Shape - Group","hd":false},{"ty":"st","c":{"a":0,"k":[0.270999983245,0.352999997606,0.670999983245,1],"ix":3},"o":{"a":0,"k":100,"ix":4},"w":{"a":0,"k":2,"ix":5},"lc":2,"lj":2,"nm":"Stroke 1","mn":"ADBE Vector Graphic - Stroke","hd":false},{"ty":"fl","c":{"a":0,"k":[0.827000038297,0.957000014361,0.944999964097,1],"ix":4},"o":{"a":0,"k":100,"ix":5},"r":1,"nm":"Fill 1","mn":"ADBE Vector Graphic - Fill","hd":false},{"ty":"tr","p":{"a":0,"k":[101.438,55.086],"ix":2},"a":{"a":0,"k":[0,0],"ix":1},"s":{"a":0,"k":[100,100],"ix":3},"r":{"a":0,"k":0,"ix":6},"o":{"a":0,"k":100,"ix":7},"sk":{"a":0,"k":0,"ix":4},"sa":{"a":0,"k":0,"ix":5},"nm":"Transform"}],"nm":"Group 6","np":3,"cix":2,"ix":6,"mn":"ADBE Vector Group","hd":false}],"ip":0,"op":2610,"st":0,"bm":0},{"ddd":0,"ind":5,"ty":4,"nm":"dollar 1 Outlines","sr":1,"ks":{"o":{"a":0,"k":100,"ix":11},"r":{"a":1,"k":[{"i":{"x":[0.85],"y":[1]},"o":{"x":[0],"y":[0]},"n":["0p85_1_0_0"],"t":164,"s":[-16.818],"e":[-4.818]},{"i":{"x":[0.85],"y":[1]},"o":{"x":[0],"y":[0]},"n":["0p85_1_0_0"],"t":172,"s":[-4.818],"e":[16.182]},{"i":{"x":[0.85],"y":[1]},"o":{"x":[0],"y":[0]},"n":["0p85_1_0_0"],"t":175,"s":[16.182],"e":[-4.818]},{"i":{"x":[0.85],"y":[1]},"o":{"x":[0],"y":[0]},"n":["0p85_1_0_0"],"t":185,"s":[-4.818],"e":[-13.818]},{"t":198}],"ix":10},"p":{"a":1,"k":[{"i":{"x":0.85,"y":1},"o":{"x":0,"y":0},"n":"0p85_1_0_0","t":161,"s":[1016,90,0],"e":[548,130,0],"to":[-78,6.66666650772095,0],"ti":[75.5437545776367,52.1954307556152,0]},{"i":{"x":0.85,"y":1},"o":{"x":0,"y":0},"n":"0p85_1_0_0","t":178,"s":[548,130,0],"e":[180,106,0],"to":[-103.02320098877,-71.1818008422852,0],"ti":[0,0,0]},{"i":{"x":0.85,"y":1},"o":{"x":0,"y":0},"n":"0p85_1_0_0","t":195,"s":[180,106,0],"e":[-162,200,0],"to":[0,0,0],"ti":[0,0,0]},{"t":211}],"ix":2},"a":{"a":0,"k":[101.5,55.5,0],"ix":1},"s":{"a":0,"k":[100,100,100],"ix":6}},"ao":0,"shapes":[{"ty":"gr","it":[{"ind":0,"ty":"sh","ix":1,"ks":{"a":0,"k":{"i":[[-0.427,0.385],[4.892,-1.847],[-0.322,-5.162],[-4.88,-1.179],[-2.143,3.679],[1.589,1.314],[2.061,1.999],[-1.783,1.947],[-2.992,-2.451],[-1.197,1.039]],"o":[[-3.286,-4.314],[-4.772,1.801],[0.312,4.988],[4.593,1.109],[-1.593,-1.317],[-2.655,2.468],[-1.902,-1.844],[1.951,-2.131],[1.188,-1.023],[0.384,-0.333]],"v":[[9.497,-16.156],[-3.987,-20.148],[-11.508,-8.379],[-2.57,2.238],[9.472,-2.301],[4.685,-6.26],[-2.607,-5.587],[-2.823,-12.456],[4.726,-11.997],[8.314,-15.09]],"c":true},"ix":2},"nm":"Path 1","mn":"ADBE Vector Shape - Group","hd":false},{"ind":1,"ty":"sh","ix":2,"ks":{"a":0,"k":{"i":[[1.96,1.403],[6.756,0.404],[3.444,5.722],[2.035,-1.425],[-10.078,0.366],[-5.018,6.676]],"o":[[-4.168,5.383],[-6.747,-0.403],[-2.03,1.422],[5.569,8.508],[8.252,-0.3],[-2.015,-1.443]],"v":[[14.823,3.57],[-1.416,11.342],[-16.495,1.73],[-22.487,5.926],[0.837,18.499],[20.646,7.738]],"c":true},"ix":2},"nm":"Path 2","mn":"ADBE Vector Shape - Group","hd":false},{"ind":2,"ty":"sh","ix":3,"ks":{"a":0,"k":{"i":[[-4.158,-0.99],[-0.634,-0.185],[-1.266,-12.374],[16.25,-2.459],[2.601,16.182],[0.011,0.058],[-0.008,1.49],[0,0],[-0.157,0.927],[0,0],[-12.761,2.834]],"o":[[0.643,0.154],[11.971,3.515],[1.673,16.355],[-16.153,2.446],[-0.009,-0.06],[-0.285,-1.462],[0,0],[0.006,-0.941],[0,0],[2.166,-13.011],[4.171,-0.93]],"v":[[5.802,-30.798],[7.72,-30.296],[29.527,-4.09],[3.607,29.366],[-30.743,4.197],[-30.774,4.021],[-31.192,-0.417],[-31.184,-1.971],[-30.888,-5.365],[-30.886,-5.372],[-6.857,-30.882]],"c":true},"ix":2},"nm":"Path 3","mn":"ADBE Vector Shape - Group","hd":false},{"ty":"mm","mm":1,"nm":"Merge Paths 1","mn":"ADBE Vector Filter - Merge","hd":false},{"ty":"fl","c":{"a":0,"k":[0.176000004189,0.882000014361,0.913999968884,1],"ix":4},"o":{"a":0,"k":100,"ix":5},"r":1,"nm":"Fill 2","mn":"ADBE Vector Graphic - Fill","hd":false},{"ty":"fl","c":{"a":0,"k":[0.176000004189,0.882000014361,0.913999968884,1],"ix":4},"o":{"a":0,"k":100,"ix":5},"r":1,"nm":"Fill 1","mn":"ADBE Vector Graphic - Fill","hd":false},{"ty":"tr","p":{"a":0,"k":[101.042,58.651],"ix":2},"a":{"a":0,"k":[0,0],"ix":1},"s":{"a":0,"k":[100,100],"ix":3},"r":{"a":0,"k":0,"ix":6},"o":{"a":0,"k":100,"ix":7},"sk":{"a":0,"k":0,"ix":4},"sa":{"a":0,"k":0,"ix":5},"nm":"Transform"}],"nm":"Group 1","np":6,"cix":2,"ix":1,"mn":"ADBE Vector Group","hd":false},{"ty":"gr","it":[{"ind":0,"ty":"sh","ix":1,"ks":{"a":0,"k":{"i":[[-5.268,3.162],[3.162,5.267],[5.266,-3.162],[-3.162,-5.267]],"o":[[5.268,-3.162],[-3.163,-5.267],[-5.268,3.161],[3.161,5.268]],"v":[[5.725,9.536],[9.537,-5.725],[-5.725,-9.536],[-9.537,5.725]],"c":true},"ix":2},"nm":"Path 1","mn":"ADBE Vector Shape - Group","hd":false},{"ty":"fl","c":{"a":0,"k":[0.827000038297,0.957000014361,0.944999964097,1],"ix":4},"o":{"a":0,"k":100,"ix":5},"r":1,"nm":"Fill 1","mn":"ADBE Vector Graphic - Fill","hd":false},{"ty":"tr","p":{"a":0,"k":[36.063,58.066],"ix":2},"a":{"a":0,"k":[0,0],"ix":1},"s":{"a":0,"k":[100,100],"ix":3},"r":{"a":0,"k":0,"ix":6},"o":{"a":0,"k":100,"ix":7},"sk":{"a":0,"k":0,"ix":4},"sa":{"a":0,"k":0,"ix":5},"nm":"Transform"}],"nm":"Group 2","np":2,"cix":2,"ix":2,"mn":"ADBE Vector Group","hd":false},{"ty":"gr","it":[{"ind":0,"ty":"sh","ix":1,"ks":{"a":0,"k":{"i":[[0,0],[17.333,2.84],[0,0],[-1.662,-18.077],[0,0],[-4.564,24.933],[0,0]],"o":[[0,0],[0,0],[0,0],[0,0],[0,0],[4.562,-24.932],[0,0]],"v":[[-22.559,-42.588],[-38.087,-21.717],[-38.201,26.434],[-21.313,42.588],[34.378,41.965],[10.208,-2.641],[38.201,-42.417]],"c":true},"ix":2},"nm":"Path 1","mn":"ADBE Vector Shape - Group","hd":false},{"ty":"fl","c":{"a":0,"k":[0.13300000359,0.776000019148,0.834999952129,1],"ix":4},"o":{"a":0,"k":100,"ix":5},"r":1,"nm":"Fill 1","mn":"ADBE Vector Graphic - Fill","hd":false},{"ty":"tr","p":{"a":0,"k":[48.014,55.338],"ix":2},"a":{"a":0,"k":[0,0],"ix":1},"s":{"a":0,"k":[100,100],"ix":3},"r":{"a":0,"k":0,"ix":6},"o":{"a":0,"k":100,"ix":7},"sk":{"a":0,"k":0,"ix":4},"sa":{"a":0,"k":0,"ix":5},"nm":"Transform"}],"nm":"Group 3","np":2,"cix":2,"ix":3,"mn":"ADBE Vector Group","hd":false},{"ty":"gr","it":[{"ind":0,"ty":"sh","ix":1,"ks":{"a":0,"k":{"i":[[5.392,2.944],[-2.944,5.392],[-5.391,-2.945],[2.944,-5.392]],"o":[[-5.392,-2.944],[2.944,-5.391],[5.393,2.943],[-2.945,5.392]],"v":[[-5.331,9.763],[-9.763,-5.331],[5.33,-9.762],[9.763,5.331]],"c":true},"ix":2},"nm":"Path 1","mn":"ADBE Vector Shape - Group","hd":false},{"ty":"fl","c":{"a":0,"k":[0.827000038297,0.957000014361,0.944999964097,1],"ix":4},"o":{"a":0,"k":100,"ix":5},"r":1,"nm":"Fill 1","mn":"ADBE Vector Graphic - Fill","hd":false},{"ty":"tr","p":{"a":0,"k":[163.663,57.285],"ix":2},"a":{"a":0,"k":[0,0],"ix":1},"s":{"a":0,"k":[100,100],"ix":3},"r":{"a":0,"k":0,"ix":6},"o":{"a":0,"k":100,"ix":7},"sk":{"a":0,"k":0,"ix":4},"sa":{"a":0,"k":0,"ix":5},"nm":"Transform"}],"nm":"Group 4","np":2,"cix":2,"ix":4,"mn":"ADBE Vector Group","hd":false},{"ty":"gr","it":[{"ind":0,"ty":"sh","ix":1,"ks":{"a":0,"k":{"i":[[0,0],[-17.363,2.643],[0,0],[1.867,-18.056],[0,0],[4.28,24.983],[0,0]],"o":[[0,0],[0,0],[0,0],[0,0],[0,0],[-4.28,-24.983],[0,0]],"v":[[22.752,-42.578],[38.041,-21.532],[37.609,26.618],[20.541,42.578],[-35.14,41.325],[-10.465,-3.003],[-38.041,-42.578]],"c":true},"ix":2},"nm":"Path 1","mn":"ADBE Vector Shape - Group","hd":false},{"ty":"fl","c":{"a":0,"k":[0.13300000359,0.776000019148,0.834999952129,1],"ix":4},"o":{"a":0,"k":100,"ix":5},"r":1,"nm":"Fill 1","mn":"ADBE Vector Graphic - Fill","hd":false},{"ty":"tr","p":{"a":0,"k":[151.943,55.499],"ix":2},"a":{"a":0,"k":[0,0],"ix":1},"s":{"a":0,"k":[100,100],"ix":3},"r":{"a":0,"k":0,"ix":6},"o":{"a":0,"k":100,"ix":7},"sk":{"a":0,"k":0,"ix":4},"sa":{"a":0,"k":0,"ix":5},"nm":"Transform"}],"nm":"Group 5","np":2,"cix":2,"ix":5,"mn":"ADBE Vector Group","hd":false},{"ty":"gr","it":[{"ind":0,"ty":"sh","ix":1,"ks":{"a":0,"k":{"i":[[0,0],[0,0],[0,0],[0,0]],"o":[[0,0],[0,0],[0,0],[0,0]],"v":[[100.438,-52.062],[96.73,54.086],[-99.794,53.421],[-100.438,-54.086]],"c":true},"ix":2},"nm":"Path 1","mn":"ADBE Vector Shape - Group","hd":false},{"ty":"st","c":{"a":0,"k":[0.270999983245,0.352999997606,0.670999983245,1],"ix":3},"o":{"a":0,"k":100,"ix":4},"w":{"a":0,"k":2,"ix":5},"lc":2,"lj":2,"nm":"Stroke 1","mn":"ADBE Vector Graphic - Stroke","hd":false},{"ty":"fl","c":{"a":0,"k":[0.827000038297,0.957000014361,0.944999964097,1],"ix":4},"o":{"a":0,"k":100,"ix":5},"r":1,"nm":"Fill 1","mn":"ADBE Vector Graphic - Fill","hd":false},{"ty":"tr","p":{"a":0,"k":[101.438,55.086],"ix":2},"a":{"a":0,"k":[0,0],"ix":1},"s":{"a":0,"k":[100,100],"ix":3},"r":{"a":0,"k":0,"ix":6},"o":{"a":0,"k":100,"ix":7},"sk":{"a":0,"k":0,"ix":4},"sa":{"a":0,"k":0,"ix":5},"nm":"Transform"}],"nm":"Group 6","np":3,"cix":2,"ix":6,"mn":"ADBE Vector Group","hd":false}],"ip":0,"op":2610,"st":0,"bm":0},{"ddd":0,"ind":6,"ty":4,"nm":"Shape Layer 3","sr":1,"ks":{"o":{"a":1,"k":[{"i":{"x":[0.5],"y":[1]},"o":{"x":[0.5],"y":[0]},"n":["0p5_1_0p5_0"],"t":123,"s":[0],"e":[99]},{"i":{"x":[0.5],"y":[1]},"o":{"x":[0.5],"y":[0]},"n":["0p5_1_0p5_0"],"t":128,"s":[99],"e":[99]},{"i":{"x":[0.5],"y":[1]},"o":{"x":[0.5],"y":[0]},"n":["0p5_1_0p5_0"],"t":133,"s":[99],"e":[0]},{"t":135}],"ix":11},"r":{"a":0,"k":0,"ix":10},"p":{"a":1,"k":[{"i":{"x":0.5,"y":1},"o":{"x":0.5,"y":0},"n":"0p5_1_0p5_0","t":127,"s":[450,219.536,0],"e":[494,219.536,0],"to":[7.33333349227905,0,0],"ti":[-7.33333349227905,0,0]},{"t":135}],"ix":2},"a":{"a":0,"k":[0,0,0],"ix":1},"s":{"a":1,"k":[{"i":{"x":[0.5,1,0.833],"y":[1,1,1]},"o":{"x":[0.5,0,0.167],"y":[0,0,0]},"n":["0p5_1_0p5_0","1_1_0_0","0p833_1_0p167_0"],"t":120,"s":[52,100,100],"e":[160,100,100]},{"t":135}],"ix":6}},"ao":0,"shapes":[{"ty":"gr","it":[{"ty":"rc","d":1,"s":{"a":0,"k":[67.134,8.166],"ix":2},"p":{"a":0,"k":[0,0],"ix":3},"r":{"a":0,"k":20,"ix":4},"nm":"Rectangle Path 1","mn":"ADBE Vector Shape - Rect","hd":false},{"ty":"st","c":{"a":0,"k":[0.60784295774,0.321568986481,0.921568986481,1],"ix":3},"o":{"a":0,"k":100,"ix":4},"w":{"a":0,"k":0,"ix":5},"lc":1,"lj":1,"ml":4,"ml2":{"a":0,"k":4,"ix":8},"nm":"Stroke 1","mn":"ADBE Vector Graphic - Stroke","hd":false},{"ty":"fl","c":{"a":0,"k":[0.231372997808,0.882353001015,0.909803981407,1],"ix":4},"o":{"a":0,"k":100,"ix":5},"r":1,"nm":"Fill 1","mn":"ADBE Vector Graphic - Fill","hd":false},{"ty":"tr","p":{"a":0,"k":[-150.69,-18.882],"ix":2},"a":{"a":0,"k":[0,0],"ix":1},"s":{"a":0,"k":[100,100],"ix":3},"r":{"a":0,"k":0,"ix":6},"o":{"a":0,"k":100,"ix":7},"sk":{"a":0,"k":0,"ix":4},"sa":{"a":0,"k":0,"ix":5},"nm":"Transform"}],"nm":"Rectangle 1","np":3,"cix":2,"ix":1,"mn":"ADBE Vector Group","hd":false}],"ip":0,"op":2610,"st":0,"bm":0},{"ddd":0,"ind":7,"ty":4,"nm":"Shape Layer 2","sr":1,"ks":{"o":{"a":1,"k":[{"i":{"x":[0.5],"y":[1]},"o":{"x":[0.5],"y":[0]},"n":["0p5_1_0p5_0"],"t":123,"s":[0],"e":[99]},{"i":{"x":[0.5],"y":[1]},"o":{"x":[0.5],"y":[0]},"n":["0p5_1_0p5_0"],"t":128,"s":[99],"e":[99]},{"i":{"x":[0.5],"y":[1]},"o":{"x":[0.5],"y":[0]},"n":["0p5_1_0p5_0"],"t":133,"s":[99],"e":[0]},{"t":135}],"ix":11},"r":{"a":0,"k":0,"ix":10},"p":{"a":1,"k":[{"i":{"x":0.5,"y":1},"o":{"x":0.5,"y":0},"n":"0p5_1_0p5_0","t":127,"s":[450,151.536,0],"e":[494,151.536,0],"to":[7.33333349227905,0,0],"ti":[-7.33333349227905,0,0]},{"t":135}],"ix":2},"a":{"a":0,"k":[0,0,0],"ix":1},"s":{"a":1,"k":[{"i":{"x":[0.5,1,0.833],"y":[1,1,1]},"o":{"x":[0.5,0,0.167],"y":[0,0,0]},"n":["0p5_1_0p5_0","1_1_0_0","0p833_1_0p167_0"],"t":120,"s":[52,100,100],"e":[160,100,100]},{"t":135}],"ix":6}},"ao":0,"shapes":[{"ty":"gr","it":[{"ty":"rc","d":1,"s":{"a":0,"k":[67.134,8.166],"ix":2},"p":{"a":0,"k":[0,0],"ix":3},"r":{"a":0,"k":20,"ix":4},"nm":"Rectangle Path 1","mn":"ADBE Vector Shape - Rect","hd":false},{"ty":"st","c":{"a":0,"k":[0.60784295774,0.321568986481,0.921568986481,1],"ix":3},"o":{"a":0,"k":100,"ix":4},"w":{"a":0,"k":0,"ix":5},"lc":1,"lj":1,"ml":4,"ml2":{"a":0,"k":4,"ix":8},"nm":"Stroke 1","mn":"ADBE Vector Graphic - Stroke","hd":false},{"ty":"fl","c":{"a":0,"k":[0.231372997808,0.882353001015,0.909803981407,1],"ix":4},"o":{"a":0,"k":100,"ix":5},"r":1,"nm":"Fill 1","mn":"ADBE Vector Graphic - Fill","hd":false},{"ty":"tr","p":{"a":0,"k":[-150.69,-18.882],"ix":2},"a":{"a":0,"k":[0,0],"ix":1},"s":{"a":0,"k":[100,100],"ix":3},"r":{"a":0,"k":0,"ix":6},"o":{"a":0,"k":100,"ix":7},"sk":{"a":0,"k":0,"ix":4},"sa":{"a":0,"k":0,"ix":5},"nm":"Transform"}],"nm":"Rectangle 1","np":3,"cix":2,"ix":1,"mn":"ADBE Vector Group","hd":false}],"ip":0,"op":2610,"st":0,"bm":0},{"ddd":0,"ind":8,"ty":4,"nm":"Shape Layer 1","sr":1,"ks":{"o":{"a":1,"k":[{"i":{"x":[0.5],"y":[1]},"o":{"x":[0.5],"y":[0]},"n":["0p5_1_0p5_0"],"t":123,"s":[0],"e":[100]},{"i":{"x":[0.5],"y":[1]},"o":{"x":[0.5],"y":[0]},"n":["0p5_1_0p5_0"],"t":128,"s":[100],"e":[100]},{"i":{"x":[0.5],"y":[1]},"o":{"x":[0.5],"y":[0]},"n":["0p5_1_0p5_0"],"t":133,"s":[100],"e":[0]},{"t":135}],"ix":11},"r":{"a":0,"k":0,"ix":10},"p":{"a":1,"k":[{"i":{"x":0.5,"y":1},"o":{"x":0.5,"y":0},"n":"0p5_1_0p5_0","t":127,"s":[450,185,0],"e":[494,185,0],"to":[7.33333349227905,0,0],"ti":[-7.33333349227905,0,0]},{"t":135}],"ix":2},"a":{"a":0,"k":[0,0,0],"ix":1},"s":{"a":1,"k":[{"i":{"x":[0.5,1,0.833],"y":[1,1,1]},"o":{"x":[0.5,0,0.167],"y":[0,0,0]},"n":["0p5_1_0p5_0","1_1_0_0","0p833_1_0p167_0"],"t":120,"s":[52,100,100],"e":[160,100,100]},{"t":135}],"ix":6}},"ao":0,"shapes":[{"ty":"gr","it":[{"ty":"rc","d":1,"s":{"a":0,"k":[67.134,8.166],"ix":2},"p":{"a":0,"k":[0,0],"ix":3},"r":{"a":0,"k":20,"ix":4},"nm":"Rectangle Path 1","mn":"ADBE Vector Shape - Rect","hd":false},{"ty":"st","c":{"a":0,"k":[0.60784295774,0.321568986481,0.921568986481,1],"ix":3},"o":{"a":0,"k":100,"ix":4},"w":{"a":0,"k":0,"ix":5},"lc":1,"lj":1,"ml":4,"ml2":{"a":0,"k":4,"ix":8},"nm":"Stroke 1","mn":"ADBE Vector Graphic - Stroke","hd":false},{"ty":"fl","c":{"a":0,"k":[0.231372997808,0.882353001015,0.909803981407,1],"ix":4},"o":{"a":0,"k":100,"ix":5},"r":1,"nm":"Fill 1","mn":"ADBE Vector Graphic - Fill","hd":false},{"ty":"tr","p":{"a":0,"k":[-150.69,-18.882],"ix":2},"a":{"a":0,"k":[0,0],"ix":1},"s":{"a":0,"k":[100,100],"ix":3},"r":{"a":0,"k":0,"ix":6},"o":{"a":0,"k":100,"ix":7},"sk":{"a":0,"k":0,"ix":4},"sa":{"a":0,"k":0,"ix":5},"nm":"Transform"}],"nm":"Rectangle 1","np":3,"cix":2,"ix":1,"mn":"ADBE Vector Group","hd":false}],"ip":0,"op":2610,"st":0,"bm":0},{"ddd":0,"ind":9,"ty":4,"nm":"mail Outlines","sr":1,"ks":{"o":{"a":1,"k":[{"i":{"x":[0.833],"y":[0.833]},"o":{"x":[0.167],"y":[0.167]},"n":["0p833_0p833_0p167_0p167"],"t":75,"s":[0],"e":[100]},{"t":81}],"ix":11},"r":{"a":0,"k":0,"ix":10},"p":{"a":1,"k":[{"i":{"x":0.5,"y":1},"o":{"x":0.5,"y":0},"n":"0p5_1_0p5_0","t":96,"s":[600.587,165.558,0],"e":[401.566,163.796,0],"to":[-33.1702537536621,-0.29354095458984,0],"ti":[27.2994136810303,0,0]},{"i":{"x":0.5,"y":1},"o":{"x":0.167,"y":0},"n":"0p5_1_0p167_0","t":111,"s":[401.566,163.796,0],"e":[436.791,165.558,0],"to":[-27.2994136810303,0,0],"ti":[-5.87084197998047,-0.29354095458984,0]},{"i":{"x":0.5,"y":0.5},"o":{"x":0.167,"y":0.167},"n":"0p5_0p5_0p167_0p167","t":118,"s":[436.791,165.558,0],"e":[436.791,165.558,0],"to":[0,0,0],"ti":[0,0,0]},{"i":{"x":0.5,"y":1},"o":{"x":0.167,"y":0},"n":"0p5_1_0p167_0","t":139,"s":[436.791,165.558,0],"e":[1005.675,169.08,0],"to":[94.814094543457,0.58708447217941,0],"ti":[-94.814094543457,-0.58708447217941,0]},{"t":153}],"ix":2},"a":{"a":0,"k":[88,59.5,0],"ix":1},"s":{"a":1,"k":[{"i":{"x":[0.5,0.5,0.833],"y":[1,1,1]},"o":{"x":[0,0,0.167],"y":[0,0,0]},"n":["0p5_1_0_0","0p5_1_0_0","0p833_1_0p167_0"],"t":75,"s":[10,10,100],"e":[107,107,100]},{"i":{"x":[0.5,0.5,0.833],"y":[1,1,1]},"o":{"x":[0,0,0.167],"y":[0,0,0]},"n":["0p5_1_0_0","0p5_1_0_0","0p833_1_0p167_0"],"t":81,"s":[107,107,100],"e":[97,97,100]},{"i":{"x":[0.5,0.5,0.833],"y":[1,1,1]},"o":{"x":[0,0,0.167],"y":[0,0,0]},"n":["0p5_1_0_0","0p5_1_0_0","0p833_1_0p167_0"],"t":86,"s":[97,97,100],"e":[100,100,100]},{"i":{"x":[0.833,0.833,0.833],"y":[1,1,1]},"o":{"x":[0.167,0.167,0.167],"y":[0,0,0]},"n":["0p833_1_0p167_0","0p833_1_0p167_0","0p833_1_0p167_0"],"t":90,"s":[100,100,100],"e":[100,100,100]},{"i":{"x":[0.833,0.833,0.833],"y":[1,1,1]},"o":{"x":[0.167,0.167,0.167],"y":[0,0,0]},"n":["0p833_1_0p167_0","0p833_1_0p167_0","0p833_1_0p167_0"],"t":126,"s":[100,100,100],"e":[88,100,100]},{"i":{"x":[0.833,0.833,0.833],"y":[1,1,1]},"o":{"x":[0.167,0.167,0.167],"y":[0,0,0]},"n":["0p833_1_0p167_0","0p833_1_0p167_0","0p833_1_0p167_0"],"t":131,"s":[88,100,100],"e":[105,100,100]},{"t":137}],"ix":6}},"ao":0,"shapes":[{"ty":"gr","it":[{"ind":0,"ty":"sh","ix":1,"ks":{"a":0,"k":{"i":[[-0.308,0.273],[3.509,-1.287],[-0.197,-3.692],[-3.481,-0.875],[-1.556,2.614],[1.127,0.951],[1.459,1.442],[-1.286,1.379],[-2.123,-1.772],[-0.863,0.734]],"o":[[-2.319,-3.105],[-3.423,1.256],[0.189,3.566],[3.275,0.824],[-1.129,-0.953],[-1.914,1.747],[-1.347,-1.331],[1.409,-1.51],[0.856,-0.723],[0.277,-0.235]],"v":[[6.94,-11.433],[-2.67,-14.376],[-8.124,-6.014],[-1.807,1.633],[6.83,-1.529],[3.435,-4.393],[-1.781,-3.958],[-1.89,-8.87],[3.503,-8.492],[6.088,-10.678]],"c":true},"ix":2},"nm":"Path 1","mn":"ADBE Vector Shape - Group","hd":false},{"ind":1,"ty":"sh","ix":2,"ks":{"a":0,"k":{"i":[[1.391,1.016],[4.826,0.334],[2.423,4.114],[1.465,-1.005],[-7.206,0.194],[-3.632,4.739]],"o":[[-3.015,3.82],[-4.82,-0.334],[-1.461,1.003],[3.924,6.118],[5.9,-0.159],[-1.431,-1.045]],"v":[[10.615,2.702],[-1.043,8.148],[-11.756,1.178],[-16.068,4.137],[0.519,13.279],[14.75,5.719]],"c":true},"ix":2},"nm":"Path 2","mn":"ADBE Vector Shape - Group","hd":false},{"ind":2,"ty":"sh","ix":3,"ks":{"a":0,"k":{"i":[[-2.965,-0.736],[-0.452,-0.137],[-0.822,-8.853],[11.631,-1.65],[1.75,11.583],[0.008,0.042],[-0.015,1.065],[0,0],[-0.119,0.661],[0,0],[-9.139,1.941]],"o":[[0.459,0.114],[8.532,2.592],[1.086,11.7],[-11.561,1.639],[-0.006,-0.042],[-0.192,-1.047],[0,0],[0.01,-0.671],[0,0],[1.636,-9.284],[2.988,-0.637]],"v":[[4.397,-21.922],[5.765,-21.549],[21.176,-2.674],[2.426,21.064],[-21.956,2.846],[-21.978,2.719],[-22.247,-0.456],[-22.23,-1.566],[-21.996,-3.99],[-21.995,-3.995],[-4.65,-22.066]],"c":true},"ix":2},"nm":"Path 3","mn":"ADBE Vector Shape - Group","hd":false},{"ty":"mm","mm":1,"nm":"Merge Paths 1","mn":"ADBE Vector Filter - Merge","hd":false},{"ty":"fl","c":{"a":0,"k":[1,1,1,1],"ix":4},"o":{"a":0,"k":100,"ix":5},"r":1,"nm":"Fill 1","mn":"ADBE Vector Graphic - Fill","hd":false},{"ty":"tr","p":{"a":0,"k":[87.335,33.707],"ix":2},"a":{"a":0,"k":[0,0],"ix":1},"s":{"a":0,"k":[100,100],"ix":3},"r":{"a":0,"k":0,"ix":6},"o":{"a":0,"k":100,"ix":7},"sk":{"a":0,"k":0,"ix":4},"sa":{"a":0,"k":0,"ix":5},"nm":"Transform"}],"nm":"Group 1","np":5,"cix":2,"ix":1,"mn":"ADBE Vector Group","hd":false},{"ty":"gr","it":[{"ind":0,"ty":"sh","ix":1,"ks":{"a":0,"k":{"i":[[0,0],[0,0]],"o":[[0,0],[0,0]],"v":[[-31.982,-29.184],[31.982,29.184]],"c":false},"ix":2},"nm":"Path 1","mn":"ADBE Vector Shape - Group","hd":false},{"ty":"st","c":{"a":0,"k":[0.270999983245,0.352999997606,0.670999983245,1],"ix":3},"o":{"a":0,"k":100,"ix":4},"w":{"a":0,"k":2,"ix":5},"lc":1,"lj":1,"ml":10,"ml2":{"a":0,"k":10,"ix":8},"nm":"Stroke 1","mn":"ADBE Vector Graphic - Stroke","hd":false},{"ty":"tr","p":{"a":0,"k":[139.582,86.366],"ix":2},"a":{"a":0,"k":[0,0],"ix":1},"s":{"a":0,"k":[100,100],"ix":3},"r":{"a":0,"k":0,"ix":6},"o":{"a":0,"k":100,"ix":7},"sk":{"a":0,"k":0,"ix":4},"sa":{"a":0,"k":0,"ix":5},"nm":"Transform"}],"nm":"Group 2","np":2,"cix":2,"ix":2,"mn":"ADBE Vector Group","hd":false},{"ty":"gr","it":[{"ind":0,"ty":"sh","ix":1,"ks":{"a":0,"k":{"i":[[0,0],[0,0]],"o":[[0,0],[0,0]],"v":[[-30.982,29.277],[30.982,-29.277]],"c":false},"ix":2},"nm":"Path 1","mn":"ADBE Vector Shape - Group","hd":false},{"ty":"st","c":{"a":0,"k":[0.270999983245,0.352999997606,0.670999983245,1],"ix":3},"o":{"a":0,"k":100,"ix":4},"w":{"a":0,"k":2,"ix":5},"lc":1,"lj":1,"ml":10,"ml2":{"a":0,"k":10,"ix":8},"nm":"Stroke 1","mn":"ADBE Vector Graphic - Stroke","hd":false},{"ty":"tr","p":{"a":0,"k":[34.505,85.914],"ix":2},"a":{"a":0,"k":[0,0],"ix":1},"s":{"a":0,"k":[100,100],"ix":3},"r":{"a":0,"k":0,"ix":6},"o":{"a":0,"k":100,"ix":7},"sk":{"a":0,"k":0,"ix":4},"sa":{"a":0,"k":0,"ix":5},"nm":"Transform"}],"nm":"Group 3","np":2,"cix":2,"ix":3,"mn":"ADBE Vector Group","hd":false},{"ty":"gr","it":[{"ind":0,"ty":"sh","ix":1,"ks":{"a":0,"k":{"i":[[0,0],[0,0],[0,0]],"o":[[0,0],[0,0],[0,0]],"v":[[-85.318,-32.353],[1.202,35.837],[85.318,-35.837]],"c":false},"ix":2},"nm":"Path 1","mn":"ADBE Vector Shape - Group","hd":false},{"ty":"st","c":{"a":0,"k":[0.270999983245,0.352999997606,0.670999983245,1],"ix":3},"o":{"a":0,"k":100,"ix":4},"w":{"a":0,"k":2,"ix":5},"lc":1,"lj":1,"ml":10,"ml2":{"a":0,"k":10,"ix":8},"nm":"Stroke 1","mn":"ADBE Vector Graphic - Stroke","hd":false},{"ty":"tr","p":{"a":0,"k":[86.623,38.406],"ix":2},"a":{"a":0,"k":[0,0],"ix":1},"s":{"a":0,"k":[100,100],"ix":3},"r":{"a":0,"k":0,"ix":6},"o":{"a":0,"k":100,"ix":7},"sk":{"a":0,"k":0,"ix":4},"sa":{"a":0,"k":0,"ix":5},"nm":"Transform"}],"nm":"Group 4","np":2,"cix":2,"ix":4,"mn":"ADBE Vector Group","hd":false},{"ty":"gr","it":[{"ind":0,"ty":"sh","ix":1,"ks":{"a":0,"k":{"i":[[3.517,-0.013],[0,0],[0.012,3.517],[0,0],[-3.517,0.013],[0,0],[-0.012,-3.517],[0,0]],"o":[[0,0],[-3.517,0.013],[0,0],[-0.014,-3.517],[0,0],[3.517,-0.012],[0,0],[0.014,3.517]],"v":[[80.398,57.529],[-79.966,58.126],[-86.384,51.755],[-86.767,-51.111],[-80.397,-57.529],[79.966,-58.126],[86.385,-51.755],[86.768,51.111]],"c":true},"ix":2},"nm":"Path 1","mn":"ADBE Vector Shape - Group","hd":false},{"ty":"st","c":{"a":0,"k":[0.270999983245,0.352999997606,0.670999983245,1],"ix":3},"o":{"a":0,"k":100,"ix":4},"w":{"a":0,"k":2,"ix":5},"lc":1,"lj":1,"ml":10,"ml2":{"a":0,"k":10,"ix":8},"nm":"Stroke 1","mn":"ADBE Vector Graphic - Stroke","hd":false},{"ty":"fl","c":{"a":0,"k":[0.862999949736,0.827000038297,0.948999980852,1],"ix":4},"o":{"a":0,"k":100,"ix":5},"r":1,"nm":"Fill 1","mn":"ADBE Vector Graphic - Fill","hd":false},{"ty":"tr","p":{"a":0,"k":[87.768,59.126],"ix":2},"a":{"a":0,"k":[0,0],"ix":1},"s":{"a":0,"k":[100,100],"ix":3},"r":{"a":0,"k":0,"ix":6},"o":{"a":0,"k":100,"ix":7},"sk":{"a":0,"k":0,"ix":4},"sa":{"a":0,"k":0,"ix":5},"nm":"Transform"}],"nm":"Group 5","np":3,"cix":2,"ix":5,"mn":"ADBE Vector Group","hd":false}],"ip":0,"op":2610,"st":0,"bm":0},{"ddd":0,"ind":10,"ty":4,"nm":"Artwork 36 Outlines","sr":1,"ks":{"o":{"a":1,"k":[{"i":{"x":[0.5],"y":[1]},"o":{"x":[0.5],"y":[0]},"n":["0p5_1_0p5_0"],"t":49,"s":[0],"e":[99]},{"i":{"x":[0.833],"y":[1]},"o":{"x":[0.5],"y":[0]},"n":["0p833_1_0p5_0"],"t":52,"s":[99],"e":[1]},{"i":{"x":[0.5],"y":[1]},"o":{"x":[0.167],"y":[0]},"n":["0p5_1_0p167_0"],"t":55,"s":[1],"e":[0]},{"i":{"x":[0.5],"y":[1]},"o":{"x":[0.5],"y":[0]},"n":["0p5_1_0p5_0"],"t":65,"s":[0],"e":[99]},{"i":{"x":[0.833],"y":[1]},"o":{"x":[0.167],"y":[0]},"n":["0p833_1_0p167_0"],"t":68,"s":[99],"e":[99]},{"i":{"x":[0.833],"y":[1]},"o":{"x":[0.167],"y":[0]},"n":["0p833_1_0p167_0"],"t":72,"s":[99],"e":[0]},{"t":75}],"ix":11},"r":{"a":0,"k":0,"ix":10},"p":{"a":0,"k":[589,148,0],"ix":2},"a":{"a":0,"k":[37,85.5,0],"ix":1},"s":{"a":0,"k":[100,100,100],"ix":6}},"ao":0,"shapes":[{"ty":"gr","it":[{"ind":0,"ty":"sh","ix":1,"ks":{"a":0,"k":{"i":[[1.975,0.883],[-4.02,-1.659],[-3.83,-2.109],[-6.429,-6.089],[-4.538,-7.71],[-1.841,-8.782],[-0.198,-1.102],[0,0],[-0.172,-2.227],[0,0],[-0.001,-1.114],[0.163,-2.214],[1.007,-4.309],[0,0],[0.332,-1.052],[0,0],[9.826,-14.208],[-3.858,16.508],[0,0],[-0.075,0.522],[0,0],[0,0],[-0.343,4.166],[1.738,8.094],[0,0],[0,0],[0.791,1.912],[0.473,0.921],[0,0],[5.74,6.13],[1.491,1.488],[1.607,1.373],[1.716,1.248],[0,0],[0,0],[1.778,1.188],[1.856,1.072],[0.942,0.515],[0.956,0.494]],"o":[[4.207,1.037],[4.028,1.652],[7.595,4.316],[6.484,6.015],[4.513,7.713],[0.317,1.079],[0,0],[0.431,2.204],[0,0],[0.08,1.113],[-0.066,2.224],[-0.504,4.41],[0,0],[-0.207,1.084],[0,0],[-5.019,16.858],[7.303,-15.66],[0,0],[0.101,-0.517],[0,0],[0,0],[0.758,-4.145],[0.247,-8.342],[0,0],[0,0],[-0.72,-1.936],[-0.372,-0.968],[0,0],[-3.988,-7.276],[-1.449,-1.519],[-1.586,-1.387],[-1.638,-1.335],[0,0],[0,0],[-1.713,-1.271],[-1.815,-1.122],[-0.918,-0.555],[-0.936,-0.529],[-1.9,-1.011]],"v":[[-36.96,-85.129],[-24.647,-80.927],[-12.89,-75.204],[8.41,-59.747],[25.119,-39.046],[34.894,-14.113],[35.511,-10.812],[36.038,-7.496],[36.712,-0.828],[36.929,2.515],[36.917,5.856],[36.724,12.527],[34.907,25.683],[34.269,28.933],[33.529,32.152],[31.723,38.498],[8.643,85.129],[26.45,37.071],[27.797,30.878],[28.123,29.331],[28.355,27.77],[28.821,24.65],[30.095,12.151],[28.059,-12.616],[26.561,-18.636],[24.563,-24.506],[22.167,-30.228],[20.794,-33.011],[19.362,-35.77],[4.58,-55.881],[0.115,-60.34],[-4.617,-64.547],[-9.557,-68.545],[-12.094,-70.472],[-14.703,-72.306],[-20.009,-75.882],[-25.503,-79.197],[-28.303,-80.781],[-31.148,-82.295]],"c":true},"ix":2},"nm":"Path 1","mn":"ADBE Vector Shape - Group","hd":false},{"ty":"fl","c":{"a":0,"k":[0.910000011968,0.773000021542,0.180000005984,1],"ix":4},"o":{"a":0,"k":100,"ix":5},"r":1,"nm":"Fill 1","mn":"ADBE Vector Graphic - Fill","hd":false},{"ty":"tr","p":{"a":0,"k":[36.961,85.129],"ix":2},"a":{"a":0,"k":[0,0],"ix":1},"s":{"a":0,"k":[100,100],"ix":3},"r":{"a":0,"k":0,"ix":6},"o":{"a":0,"k":100,"ix":7},"sk":{"a":0,"k":0,"ix":4},"sa":{"a":0,"k":0,"ix":5},"nm":"Transform"}],"nm":"Group 1","np":4,"cix":2,"ix":1,"mn":"ADBE Vector Group","hd":false}],"ip":0,"op":2610,"st":0,"bm":0},{"ddd":0,"ind":11,"ty":4,"nm":"Artwork 35 Outlines","sr":1,"ks":{"o":{"a":1,"k":[{"i":{"x":[0.5],"y":[1]},"o":{"x":[0.5],"y":[0]},"n":["0p5_1_0p5_0"],"t":46,"s":[0],"e":[100]},{"i":{"x":[0.833],"y":[1]},"o":{"x":[0.167],"y":[0]},"n":["0p833_1_0p167_0"],"t":50,"s":[100],"e":[2]},{"i":{"x":[0.5],"y":[1]},"o":{"x":[0.167],"y":[0]},"n":["0p5_1_0p167_0"],"t":55,"s":[2],"e":[0]},{"i":{"x":[0.5],"y":[1]},"o":{"x":[0.5],"y":[0]},"n":["0p5_1_0p5_0"],"t":62,"s":[0],"e":[100]},{"i":{"x":[0.833],"y":[1]},"o":{"x":[0.167],"y":[0]},"n":["0p833_1_0p167_0"],"t":66,"s":[100],"e":[100]},{"i":{"x":[0.833],"y":[1]},"o":{"x":[0.167],"y":[0]},"n":["0p833_1_0p167_0"],"t":72,"s":[100],"e":[1]},{"t":75}],"ix":11},"r":{"a":0,"k":0,"ix":10},"p":{"a":0,"k":[535,161,0],"ix":2},"a":{"a":0,"k":[32,72.5,0],"ix":1},"s":{"a":0,"k":[115.172,115.172,100],"ix":6}},"ao":0,"shapes":[{"ty":"gr","it":[{"ind":0,"ty":"sh","ix":1,"ks":{"a":0,"k":{"i":[[1.662,0.776],[-3.427,-1.368],[-3.271,-1.758],[-5.492,-5.154],[-3.885,-6.561],[-1.573,-7.487],[-0.168,-0.94],[0,0],[-0.144,-1.897],[0,0],[0.001,-0.948],[0.145,-1.885],[0.872,-3.661],[0,0],[0.287,-0.892],[0,0],[8.513,-11.917],[-3.177,13.949],[0,0],[-0.117,0.88],[0,0],[-0.278,3.508],[1.462,6.801],[9.656,10.335],[1.25,1.263],[1.346,1.172],[1.441,1.065],[0,0],[0,0],[1.493,1.02],[1.558,0.929],[1.607,0.852]],"o":[[3.582,0.822],[3.435,1.361],[6.476,3.611],[5.547,5.084],[3.862,6.564],[0.269,0.92],[0,0],[0.365,1.879],[0,0],[0.066,0.949],[-0.059,1.894],[-0.439,3.752],[0,0],[-0.18,0.921],[0,0],[-4.339,14.299],[5.991,-13.37],[0,0],[0.21,-0.866],[0,0],[0.622,-3.497],[0.187,-7.023],[-2.879,-13.636],[-1.214,-1.287],[-1.33,-1.177],[-1.373,-1.138],[0,0],[0,0],[-1.436,-1.09],[-1.525,-0.965],[-1.552,-0.939],[-1.597,-0.88]],"v":[[-31.554,-72.073],[-21.064,-68.648],[-11.035,-63.892],[7.151,-50.881],[21.446,-33.309],[29.805,-12.063],[30.329,-9.249],[30.777,-6.422],[31.348,-0.74],[31.528,2.109],[31.513,4.954],[31.338,10.635],[29.758,21.823],[29.205,24.584],[28.564,27.319],[27,32.703],[7.054,72.073],[21.727,31.276],[22.833,26.045],[23.291,23.422],[23.673,20.79],[24.709,10.259],[22.968,-10.567],[3.322,-47.015],[-0.419,-50.796],[-4.387,-54.373],[-8.53,-57.781],[-10.658,-59.427],[-12.85,-60.994],[-17.303,-64.064],[-21.919,-66.919],[-26.664,-69.6]],"c":true},"ix":2},"nm":"Path 1","mn":"ADBE Vector Shape - Group","hd":false},{"ty":"fl","c":{"a":0,"k":[0.910000011968,0.773000021542,0.180000005984,1],"ix":4},"o":{"a":0,"k":100,"ix":5},"r":1,"nm":"Fill 1","mn":"ADBE Vector Graphic - Fill","hd":false},{"ty":"tr","p":{"a":0,"k":[31.554,72.073],"ix":2},"a":{"a":0,"k":[0,0],"ix":1},"s":{"a":0,"k":[100,100],"ix":3},"r":{"a":0,"k":0,"ix":6},"o":{"a":0,"k":100,"ix":7},"sk":{"a":0,"k":0,"ix":4},"sa":{"a":0,"k":0,"ix":5},"nm":"Transform"}],"nm":"Group 1","np":4,"cix":2,"ix":1,"mn":"ADBE Vector Group","hd":false}],"ip":0,"op":2610,"st":0,"bm":0},{"ddd":0,"ind":12,"ty":4,"nm":"Artwork 35 Outlines","sr":1,"ks":{"o":{"a":1,"k":[{"i":{"x":[0.5],"y":[1]},"o":{"x":[0.5],"y":[0]},"n":["0p5_1_0p5_0"],"t":41,"s":[0],"e":[100]},{"i":{"x":[0.833],"y":[1]},"o":{"x":[0.167],"y":[0]},"n":["0p833_1_0p167_0"],"t":44,"s":[100],"e":[2]},{"i":{"x":[0.5],"y":[1]},"o":{"x":[0.167],"y":[0]},"n":["0p5_1_0p167_0"],"t":55,"s":[2],"e":[0]},{"i":{"x":[0.5],"y":[1]},"o":{"x":[0.5],"y":[0]},"n":["0p5_1_0p5_0"],"t":59,"s":[0],"e":[100]},{"i":{"x":[0.833],"y":[1]},"o":{"x":[0.167],"y":[0]},"n":["0p833_1_0p167_0"],"t":62,"s":[100],"e":[100]},{"i":{"x":[0.833],"y":[1]},"o":{"x":[0.167],"y":[0]},"n":["0p833_1_0p167_0"],"t":72,"s":[100],"e":[1]},{"t":75}],"ix":11},"r":{"a":0,"k":0,"ix":10},"p":{"a":0,"k":[486,171,0],"ix":2},"a":{"a":0,"k":[32,72.5,0],"ix":1},"s":{"a":0,"k":[100,100,100],"ix":6}},"ao":0,"shapes":[{"ty":"gr","it":[{"ind":0,"ty":"sh","ix":1,"ks":{"a":0,"k":{"i":[[1.662,0.776],[-3.427,-1.368],[-3.271,-1.758],[-5.492,-5.154],[-3.885,-6.561],[-1.573,-7.487],[-0.168,-0.94],[0,0],[-0.144,-1.897],[0,0],[0.001,-0.948],[0.145,-1.885],[0.872,-3.661],[0,0],[0.287,-0.892],[0,0],[8.513,-11.917],[-3.177,13.949],[0,0],[-0.117,0.88],[0,0],[-0.278,3.508],[1.462,6.801],[9.656,10.335],[1.25,1.263],[1.346,1.172],[1.441,1.065],[0,0],[0,0],[1.493,1.02],[1.558,0.929],[1.607,0.852]],"o":[[3.582,0.822],[3.435,1.361],[6.476,3.611],[5.547,5.084],[3.862,6.564],[0.269,0.92],[0,0],[0.365,1.879],[0,0],[0.066,0.949],[-0.059,1.894],[-0.439,3.752],[0,0],[-0.18,0.921],[0,0],[-4.339,14.299],[5.991,-13.37],[0,0],[0.21,-0.866],[0,0],[0.622,-3.497],[0.187,-7.023],[-2.879,-13.636],[-1.214,-1.287],[-1.33,-1.177],[-1.373,-1.138],[0,0],[0,0],[-1.436,-1.09],[-1.525,-0.965],[-1.552,-0.939],[-1.597,-0.88]],"v":[[-31.554,-72.073],[-21.064,-68.648],[-11.035,-63.892],[7.151,-50.881],[21.446,-33.309],[29.805,-12.063],[30.329,-9.249],[30.777,-6.422],[31.348,-0.74],[31.528,2.109],[31.513,4.954],[31.338,10.635],[29.758,21.823],[29.205,24.584],[28.564,27.319],[27,32.703],[7.054,72.073],[21.727,31.276],[22.833,26.045],[23.291,23.422],[23.673,20.79],[24.709,10.259],[22.968,-10.567],[3.322,-47.015],[-0.419,-50.796],[-4.387,-54.373],[-8.53,-57.781],[-10.658,-59.427],[-12.85,-60.994],[-17.303,-64.064],[-21.919,-66.919],[-26.664,-69.6]],"c":true},"ix":2},"nm":"Path 1","mn":"ADBE Vector Shape - Group","hd":false},{"ty":"fl","c":{"a":0,"k":[0.910000011968,0.773000021542,0.180000005984,1],"ix":4},"o":{"a":0,"k":100,"ix":5},"r":1,"nm":"Fill 1","mn":"ADBE Vector Graphic - Fill","hd":false},{"ty":"tr","p":{"a":0,"k":[31.554,72.073],"ix":2},"a":{"a":0,"k":[0,0],"ix":1},"s":{"a":0,"k":[100,100],"ix":3},"r":{"a":0,"k":0,"ix":6},"o":{"a":0,"k":100,"ix":7},"sk":{"a":0,"k":0,"ix":4},"sa":{"a":0,"k":0,"ix":5},"nm":"Transform"}],"nm":"Group 1","np":4,"cix":2,"ix":1,"mn":"ADBE Vector Group","hd":false}],"ip":0,"op":2610,"st":0,"bm":0},{"ddd":0,"ind":13,"ty":4,"nm":"Artwork 34 Outlines","sr":1,"ks":{"o":{"a":0,"k":100,"ix":11},"r":{"a":1,"k":[{"i":{"x":[0.5],"y":[1]},"o":{"x":[0.167],"y":[0]},"n":["0p5_1_0p167_0"],"t":-26,"s":[50],"e":[50]},{"i":{"x":[0.5],"y":[1]},"o":{"x":[0.5],"y":[0]},"n":["0p5_1_0p5_0"],"t":6,"s":[50],"e":[0]},{"i":{"x":[0.5],"y":[1]},"o":{"x":[0.5],"y":[0]},"n":["0p5_1_0p5_0"],"t":16,"s":[0],"e":[5]},{"i":{"x":[0.5],"y":[1]},"o":{"x":[0.5],"y":[0]},"n":["0p5_1_0p5_0"],"t":25,"s":[5],"e":[1]},{"t":33}],"ix":10},"p":{"a":1,"k":[{"i":{"x":0.5,"y":1},"o":{"x":0.5,"y":0},"n":"0p5_1_0p5_0","t":91,"s":[-8,368,0],"e":[-458,368,0],"to":[-75,0,0],"ti":[75,0,0]},{"t":103}],"ix":2},"a":{"a":0,"k":[12.5,306.5,0],"ix":1},"s":{"a":0,"k":[100,100,100],"ix":6}},"ao":0,"shapes":[{"ty":"gr","it":[{"ind":0,"ty":"sh","ix":1,"ks":{"a":0,"k":{"i":[[0,0],[0,0]],"o":[[0,0],[0,0]],"v":[[-51.149,31.68],[51.15,-31.679]],"c":false},"ix":2},"nm":"Path 1","mn":"ADBE Vector Shape - Group","hd":false},{"ty":"st","c":{"a":0,"k":[0.270999983245,0.352999997606,0.670999983245,1],"ix":3},"o":{"a":0,"k":100,"ix":4},"w":{"a":0,"k":2,"ix":5},"lc":2,"lj":2,"nm":"Stroke 1","mn":"ADBE Vector Graphic - Stroke","hd":false},{"ty":"tr","p":{"a":0,"k":[112.226,265.306],"ix":2},"a":{"a":0,"k":[0,0],"ix":1},"s":{"a":0,"k":[100,100],"ix":3},"r":{"a":0,"k":0,"ix":6},"o":{"a":0,"k":100,"ix":7},"sk":{"a":0,"k":0,"ix":4},"sa":{"a":0,"k":0,"ix":5},"nm":"Transform"}],"nm":"Group 1","np":2,"cix":2,"ix":1,"mn":"ADBE Vector Group","hd":false},{"ty":"gr","it":[{"ind":0,"ty":"sh","ix":1,"ks":{"a":0,"k":{"i":[[0,-4.426],[4.427,0],[0,4.427],[-4.425,0]],"o":[[0,4.427],[-4.425,0],[0,-4.426],[4.427,0]],"v":[[8.014,0],[-0.001,8.015],[-8.015,0],[-0.001,-8.015]],"c":true},"ix":2},"nm":"Path 1","mn":"ADBE Vector Shape - Group","hd":false},{"ty":"st","c":{"a":0,"k":[0.380000005984,0.416000007181,0.517999985639,1],"ix":3},"o":{"a":0,"k":100,"ix":4},"w":{"a":0,"k":2,"ix":5},"lc":2,"lj":2,"nm":"Stroke 1","mn":"ADBE Vector Graphic - Stroke","hd":false},{"ty":"tr","p":{"a":0,"k":[231.482,196.09],"ix":2},"a":{"a":0,"k":[0,0],"ix":1},"s":{"a":0,"k":[100,100],"ix":3},"r":{"a":0,"k":0,"ix":6},"o":{"a":0,"k":100,"ix":7},"sk":{"a":0,"k":0,"ix":4},"sa":{"a":0,"k":0,"ix":5},"nm":"Transform"}],"nm":"Group 2","np":2,"cix":2,"ix":2,"mn":"ADBE Vector Group","hd":false},{"ty":"gr","it":[{"ind":0,"ty":"sh","ix":1,"ks":{"a":0,"k":{"i":[[0,-4.96],[4.96,0],[0,4.96],[-4.96,0]],"o":[[0,4.96],[-4.96,0],[0,-4.96],[4.96,0]],"v":[[8.982,-0.001],[0.001,8.981],[-8.982,-0.001],[0.001,-8.981]],"c":true},"ix":2},"nm":"Path 1","mn":"ADBE Vector Shape - Group","hd":false},{"ty":"st","c":{"a":0,"k":[0.380000005984,0.416000007181,0.517999985639,1],"ix":3},"o":{"a":0,"k":100,"ix":4},"w":{"a":0,"k":2,"ix":5},"lc":2,"lj":2,"nm":"Stroke 1","mn":"ADBE Vector Graphic - Stroke","hd":false},{"ty":"tr","p":{"a":0,"k":[203.598,210.533],"ix":2},"a":{"a":0,"k":[0,0],"ix":1},"s":{"a":0,"k":[100,100],"ix":3},"r":{"a":0,"k":0,"ix":6},"o":{"a":0,"k":100,"ix":7},"sk":{"a":0,"k":0,"ix":4},"sa":{"a":0,"k":0,"ix":5},"nm":"Transform"}],"nm":"Group 3","np":2,"cix":2,"ix":3,"mn":"ADBE Vector Group","hd":false},{"ty":"gr","it":[{"ind":0,"ty":"sh","ix":1,"ks":{"a":0,"k":{"i":[[0,0],[0,0],[0,0],[0,0]],"o":[[0,0],[0,0],[0,0],[0,0]],"v":[[-145.618,75.961],[103.197,-75.962],[145.618,0.001],[14.251,75.961]],"c":false},"ix":2},"nm":"Path 1","mn":"ADBE Vector Shape - Group","hd":false},{"ty":"st","c":{"a":0,"k":[0.270999983245,0.352999997606,0.670999983245,1],"ix":3},"o":{"a":0,"k":100,"ix":4},"w":{"a":0,"k":2,"ix":5},"lc":1,"lj":1,"ml":10,"ml2":{"a":0,"k":10,"ix":8},"nm":"Stroke 1","mn":"ADBE Vector Graphic - Stroke","hd":false},{"ty":"fl","c":{"a":0,"k":[0.226999993418,0.877999997606,0.905999995213,1],"ix":4},"o":{"a":0,"k":100,"ix":5},"r":1,"nm":"Fill 1","mn":"ADBE Vector Graphic - Fill","hd":false},{"ty":"tr","p":{"a":0,"k":[146.14,232.054],"ix":2},"a":{"a":0,"k":[0,0],"ix":1},"s":{"a":0,"k":[100,100],"ix":3},"r":{"a":0,"k":0,"ix":6},"o":{"a":0,"k":100,"ix":7},"sk":{"a":0,"k":0,"ix":4},"sa":{"a":0,"k":0,"ix":5},"nm":"Transform"}],"nm":"Group 4","np":3,"cix":2,"ix":4,"mn":"ADBE Vector Group","hd":false},{"ty":"gr","it":[{"ind":0,"ty":"sh","ix":1,"ks":{"a":0,"k":{"i":[[0,0],[0,0],[0,0],[0,0],[0,0]],"o":[[0,0],[0,0],[0,0],[0,0],[0,0]],"v":[[-23.882,-21.303],[-8.234,-31.873],[-5.204,-26.843],[23.883,21.472],[5.814,31.873]],"c":false},"ix":2},"nm":"Path 1","mn":"ADBE Vector Shape - Group","hd":false},{"ty":"st","c":{"a":0,"k":[0.270999983245,0.352999997606,0.670999983245,1],"ix":3},"o":{"a":0,"k":100,"ix":4},"w":{"a":0,"k":2,"ix":5},"lc":2,"lj":2,"nm":"Stroke 1","mn":"ADBE Vector Graphic - Stroke","hd":false},{"ty":"fl","c":{"a":0,"k":[1,1,1,1],"ix":4},"o":{"a":0,"k":100,"ix":5},"r":1,"nm":"Fill 1","mn":"ADBE Vector Graphic - Fill","hd":false},{"ty":"tr","p":{"a":0,"k":[277.492,185.045],"ix":2},"a":{"a":0,"k":[0,0],"ix":1},"s":{"a":0,"k":[100,100],"ix":3},"r":{"a":0,"k":0,"ix":6},"o":{"a":0,"k":100,"ix":7},"sk":{"a":0,"k":0,"ix":4},"sa":{"a":0,"k":0,"ix":5},"nm":"Transform"}],"nm":"Group 5","np":3,"cix":2,"ix":5,"mn":"ADBE Vector Group","hd":false},{"ty":"gr","it":[{"ind":0,"ty":"sh","ix":1,"ks":{"a":0,"k":{"i":[[0,0],[0,0],[4.584,-9.168],[7.723,-6.159],[0,0],[0,0],[-3.265,9.798],[0,10.887],[10.886,-6.532],[8.709,3.266]],"o":[[0,0],[-5.246,1.011],[-8.165,16.33],[-4.681,3.733],[0,0],[0,0],[0,0],[0,-10.887],[-10.887,6.532],[0,0]],"v":[[-14.474,-47.596],[-14.474,-47.596],[-31.29,-34.254],[-48.402,6.159],[-23.455,47.596],[12.257,33.002],[29.131,10.926],[53.083,-14.113],[36.209,-24.456],[7.903,-7.581]],"c":true},"ix":2},"nm":"Path 1","mn":"ADBE Vector Shape - Group","hd":false},{"ty":"st","c":{"a":0,"k":[0.270999983245,0.352999997606,0.670999983245,1],"ix":3},"o":{"a":0,"k":100,"ix":4},"w":{"a":0,"k":2,"ix":5},"lc":2,"lj":2,"nm":"Stroke 1","mn":"ADBE Vector Graphic - Stroke","hd":false},{"ty":"fl","c":{"a":0,"k":[1,1,1,1],"ix":4},"o":{"a":0,"k":100,"ix":5},"r":1,"nm":"Fill 1","mn":"ADBE Vector Graphic - Fill","hd":false},{"ty":"tr","p":{"a":0,"k":[320.689,152.043],"ix":2},"a":{"a":0,"k":[0,0],"ix":1},"s":{"a":0,"k":[100,100],"ix":3},"r":{"a":0,"k":0,"ix":6},"o":{"a":0,"k":100,"ix":7},"sk":{"a":0,"k":0,"ix":4},"sa":{"a":0,"k":0,"ix":5},"nm":"Transform"}],"nm":"Group 6","np":3,"cix":2,"ix":6,"mn":"ADBE Vector Group","hd":false},{"ty":"gr","it":[{"ind":0,"ty":"sh","ix":1,"ks":{"a":0,"k":{"i":[[-0.196,0.533],[3.431,-3.857],[-2.648,-4.365],[-4.807,1.206],[-0.186,4.198],[1.992,0.421],[2.717,0.802],[-0.666,2.519],[-3.74,-0.771],[-0.571,1.456]],"o":[[-4.851,-2.265],[-3.347,3.763],[2.559,4.218],[4.525,-1.136],[-1.996,-0.422],[-1.19,3.376],[-2.509,-0.742],[0.728,-2.758],[0.57,-1.44],[0.183,-0.468]],"v":[[1.215,-19.041],[-12.404,-16.35],[-13.585,-2.611],[-0.903,2.573],[7.545,-6.915],[1.545,-8.184],[-4.521,-4.25],[-7.86,-10.158],[-1.049,-13.217],[0.67,-17.567]],"c":true},"ix":2},"nm":"Path 1","mn":"ADBE Vector Shape - Group","hd":false},{"ind":1,"ty":"sh","ix":2,"ks":{"a":0,"k":{"i":[[2.358,0.328],[6.092,-2.744],[5.634,3.424],[1.126,-2.179],[-8.644,4.939],[-1.326,8.138]],"o":[[-1.176,6.617],[-6.085,2.741],[-1.123,2.174],[8.77,4.885],[7.078,-4.045],[-2.423,-0.337]],"v":[[14.915,-4.236],[4.28,10.004],[-13.31,8.514],[-16.626,14.93],[9.531,15.229],[21.917,-3.262]],"c":true},"ix":2},"nm":"Path 2","mn":"ADBE Vector Shape - Group","hd":false},{"ind":2,"ty":"sh","ix":3,"ks":{"a":0,"k":{"i":[[-4.089,1.04],[-0.64,0.128],[-6.78,-10.239],[13.08,-9.6],[9.694,12.956],[0.037,0.046],[0.675,1.306],[0,0],[0.286,0.882],[0,0],[-9.857,8.329]],"o":[[0.632,-0.161],[12.078,-2.416],[8.961,13.532],[-13.003,9.544],[-0.036,-0.048],[-0.918,-1.148],[0,0],[-0.426,-0.824],[0,0],[-4.071,-12.369],[3.221,-2.727]],"v":[[-8.728,-30.148],[-6.821,-30.588],[24.26,-17.674],[16.936,23.46],[-24.637,17.203],[-24.746,17.062],[-27.145,13.374],[-27.85,12.011],[-29.146,8.909],[-29.149,8.901],[-19.835,-24.418]],"c":true},"ix":2},"nm":"Path 3","mn":"ADBE Vector Shape - Group","hd":false},{"ty":"mm","mm":1,"nm":"Merge Paths 1","mn":"ADBE Vector Filter - Merge","hd":false},{"ty":"fl","c":{"a":0,"k":[0.176000004189,0.882000014361,0.913999968884,1],"ix":4},"o":{"a":0,"k":100,"ix":5},"r":1,"nm":"Fill 1","mn":"ADBE Vector Graphic - Fill","hd":false},{"ty":"tr","p":{"a":0,"k":[363.324,90.156],"ix":2},"a":{"a":0,"k":[0,0],"ix":1},"s":{"a":0,"k":[100,100],"ix":3},"r":{"a":0,"k":0,"ix":6},"o":{"a":0,"k":100,"ix":7},"sk":{"a":0,"k":0,"ix":4},"sa":{"a":0,"k":0,"ix":5},"nm":"Transform"}],"nm":"Group 7","np":5,"cix":2,"ix":7,"mn":"ADBE Vector Group","hd":false},{"ty":"gr","it":[{"ind":0,"ty":"sh","ix":1,"ks":{"a":0,"k":{"i":[[-2.158,-4.115],[4.114,-2.158],[2.158,4.115],[-4.115,2.158]],"o":[[2.157,4.115],[-4.115,2.158],[-2.158,-4.115],[4.115,-2.158]],"v":[[7.452,-3.907],[3.908,7.451],[-7.45,3.907],[-3.906,-7.451]],"c":true},"ix":2},"nm":"Path 1","mn":"ADBE Vector Shape - Group","hd":false},{"ty":"st","c":{"a":0,"k":[1,1,1,1],"ix":3},"o":{"a":0,"k":100,"ix":4},"w":{"a":0,"k":1.2,"ix":5},"lc":2,"lj":2,"nm":"Stroke 1","mn":"ADBE Vector Graphic - Stroke","hd":false},{"ty":"tr","p":{"a":0,"k":[410.15,183.612],"ix":2},"a":{"a":0,"k":[0,0],"ix":1},"s":{"a":0,"k":[100,100],"ix":3},"r":{"a":0,"k":0,"ix":6},"o":{"a":0,"k":100,"ix":7},"sk":{"a":0,"k":0,"ix":4},"sa":{"a":0,"k":0,"ix":5},"nm":"Transform"}],"nm":"Group 8","np":2,"cix":2,"ix":8,"mn":"ADBE Vector Group","hd":false},{"ty":"gr","it":[{"ind":0,"ty":"sh","ix":1,"ks":{"a":0,"k":{"i":[[1.168,-0.612],[0,0],[0.612,1.168],[0,0],[-1.167,0.612],[0,0],[-0.612,-1.168],[0,0]],"o":[[0,0],[-1.168,0.612],[0,0],[-0.612,-1.168],[0,0],[1.168,-0.612],[0,0],[0.612,1.168]],"v":[[75.307,50.572],[-1.228,90.704],[-4.465,89.694],[-76.317,-47.335],[-75.307,-50.572],[1.229,-90.704],[4.465,-89.694],[76.318,47.335]],"c":true},"ix":2},"nm":"Path 1","mn":"ADBE Vector Shape - Group","hd":false},{"ty":"st","c":{"a":0,"k":[0.270999983245,0.352999997606,0.670999983245,1],"ix":3},"o":{"a":0,"k":100,"ix":4},"w":{"a":0,"k":1.2,"ix":5},"lc":2,"lj":2,"nm":"Stroke 1","mn":"ADBE Vector Graphic - Stroke","hd":false},{"ty":"fl","c":{"a":0,"k":[1,1,1,1],"ix":4},"o":{"a":0,"k":100,"ix":5},"r":1,"nm":"Fill 1","mn":"ADBE Vector Graphic - Fill","hd":false},{"ty":"tr","p":{"a":0,"k":[368.202,102.254],"ix":2},"a":{"a":0,"k":[0,0],"ix":1},"s":{"a":0,"k":[100,100],"ix":3},"r":{"a":0,"k":0,"ix":6},"o":{"a":0,"k":100,"ix":7},"sk":{"a":0,"k":0,"ix":4},"sa":{"a":0,"k":0,"ix":5},"nm":"Transform"}],"nm":"Group 9","np":3,"cix":2,"ix":9,"mn":"ADBE Vector Group","hd":false},{"ty":"gr","it":[{"ind":0,"ty":"sh","ix":1,"ks":{"a":0,"k":{"i":[[3.02,-1.584],[0,0],[1.584,3.021],[0,0],[-3.02,1.583],[0,0],[-1.584,-3.02],[0,0]],"o":[[0,0],[-3.021,1.584],[0,0],[-1.584,-3.02],[0,0],[3.02,-1.584],[0,0],[1.584,3.02]],"v":[[88.029,63.587],[2.243,108.569],[-6.128,105.957],[-90.64,-55.216],[-88.028,-63.586],[-2.242,-108.569],[6.129,-105.957],[90.64,55.216]],"c":true},"ix":2},"nm":"Path 1","mn":"ADBE Vector Shape - Group","hd":false},{"ty":"st","c":{"a":0,"k":[0.270999983245,0.352999997606,0.670999983245,1],"ix":3},"o":{"a":0,"k":100,"ix":4},"w":{"a":0,"k":1.3,"ix":5},"lc":1,"lj":1,"ml":10,"ml2":{"a":0,"k":10,"ix":8},"nm":"Stroke 1","mn":"ADBE Vector Graphic - Stroke","hd":false},{"ty":"tr","p":{"a":0,"k":[372.724,109.924],"ix":2},"a":{"a":0,"k":[0,0],"ix":1},"s":{"a":0,"k":[100,100],"ix":3},"r":{"a":0,"k":0,"ix":6},"o":{"a":0,"k":100,"ix":7},"sk":{"a":0,"k":0,"ix":4},"sa":{"a":0,"k":0,"ix":5},"nm":"Transform"}],"nm":"Group 10","np":2,"cix":2,"ix":10,"mn":"ADBE Vector Group","hd":false},{"ty":"gr","it":[{"ind":0,"ty":"sh","ix":1,"ks":{"a":0,"k":{"i":[[3.02,-1.584],[0,0],[1.584,3.021],[0,0],[-3.02,1.583],[0,0],[-1.584,-3.02],[0,0]],"o":[[0,0],[-3.021,1.584],[0,0],[-1.584,-3.02],[0,0],[3.02,-1.584],[0,0],[1.584,3.02]],"v":[[88.143,63.473],[2.357,108.455],[-6.014,105.843],[-90.526,-55.33],[-87.914,-63.7],[-2.128,-108.683],[6.243,-106.071],[90.754,55.102]],"c":true},"ix":2},"nm":"Path 1","mn":"ADBE Vector Shape - Group","hd":false},{"ty":"fl","c":{"a":0,"k":[0.270999983245,0.352999997606,0.670999983245,1],"ix":4},"o":{"a":0,"k":100,"ix":5},"r":1,"nm":"Fill 1","mn":"ADBE Vector Graphic - Fill","hd":false},{"ty":"tr","p":{"a":0,"k":[372.609,110.039],"ix":2},"a":{"a":0,"k":[0,0],"ix":1},"s":{"a":0,"k":[100,100],"ix":3},"r":{"a":0,"k":0,"ix":6},"o":{"a":0,"k":100,"ix":7},"sk":{"a":0,"k":0,"ix":4},"sa":{"a":0,"k":0,"ix":5},"nm":"Transform"}],"nm":"Group 11","np":4,"cix":2,"ix":11,"mn":"ADBE Vector Group","hd":false}],"ip":0,"op":2610,"st":0,"bm":0}],"markers":[]}